Survived,Pclass,Sex,Age,SibSp,Parch,Fare,TicketGroupSize,FarePerPerson,HasCabin,FamilySize,Embarked_Q,Embarked_S,TicketPrefix_CA,TicketPrefix_NONE,TicketPrefix_PC,TicketPrefix_Rare,TicketPrefix_SOTONOQ,TicketPrefix_STONO,TicketPrefix_WC,Deck_B,Deck_C,Deck_D,Deck_E,Deck_F,Deck_G,Deck_T,Deck_Unknown,Title_Miss,Title_Mr,Title_Mrs,Title_Rare,IsChild
0,3,0,22.0,1,0,7.25,1,7.25,0,2,0,1,0,0,0,0,0,0,0,0,0,0,0,0,0,0,1,0,1,0,0,0
1,1,1,38.0,1,0,71.2833,1,71.2833,1,2,0,0,0,0,1,0,0,0,0,0,1,0,0,0,0,0,0,0,0,1,0,0
1,3,1,26.0,0,0,7.925,1,7.925,0,1,0,1,0,0,0,0,0,1,0,0,0,0,0,0,0,0,1,1,0,0,0,0
1,1,1,35.0,1,0,53.1,2,26.55,1,2,0,1,0,1,0,0,0,0,0,0,1,0,0,0,0,0,0,0,0,1,0,0
0,3,0,35.0,0,0,8.05,1,8.05,0,1,0,1,0,1,0,0,0,0,0,0,0,0,0,0,0,0,1,0,1,0,0,0
0,3,0,24.0,0,0,8.4583,1,8.4583,0,1,1,0,0,1,0,0,0,0,0,0,0,0,0,0,0,0,1,0,1,0,0,0
0,1,0,54.0,0,0,51.8625,1,51.8625,1,1,0,1,0,1,0,0,0,0,0,0,0,0,1,0,0,0,0,0,1,0,0,0
0,3,0,2.0,3,1,21.075,4,5.26875,0,5,0,1,0,1,0,0,0,0,0,0,0,0,0,0,0,0,1,0,0,0,0,1
1,3,1,27.0,0,2,12.475,3,4.158333333333333,0,3,0,1,0,1,0,0,0,0,0,0,0,0,0,0,0,0,1,0,0,1,0,0
1,2,1,14.0,1,0,30.0708,2,15.0354,0,2,0,0,0,1,0,0,0,0,0,0,0,0,0,0,0,0,1,0,0,1,0,1
1,3,1,4.0,1,1,12.475,2,6.2375,1,3,0,1,0,0,0,1,0,0,0,0,0,0,0,0,1,0,0,1,0,0,0,1
1,1,1,58.0,0,0,26.55,1,26.55,1,1,0,1,0,1,0,0,0,0,0,0,1,0,0,0,0,0,0,1,0,0,0,0
0,3,0,20.0,0,0,8.05,1,8.05,0,1,0,1,0,0,0,0,0,0,0,0,0,0,0,0,0,0,1,0,1,0,0,0
0,3,0,39.0,1,5,31.275,7,4.4678571428571425,0,7,0,1,0,1,0,0,0,0,0,0,0,0,0,0,0,0,1,0,1,0,0,0
0,3,1,14.0,0,0,7.8542,1,7.8542,0,1,0,1,0,1,0,0,0,0,0,0,0,0,0,0,0,0,1,1,0,0,0,1
1,2,1,55.0,0,0,16.0,1,16.0,0,1,0,1,0,1,0,0,0,0,0,0,0,0,0,0,0,0,1,0,0,1,0,0
0,3,0,2.0,4,1,29.125,5,5.825,0,6,1,0,0,1,0,0,0,0,0,0,0,0,0,0,0,0,1,0,0,0,0,1
1,2,0,29.0,0,0,13.0,1,13.0,0,1,0,1,0,1,0,0,0,0,0,0,0,0,0,0,0,0,1,0,1,0,0,0
0,3,1,31.0,1,0,18.0,1,18.0,0,2,0,1,0,1,0,0,0,0,0,0,0,0,0,0,0,0,1,0,0,1,0,0
1,3,1,24.0,0,0,7.225,1,7.225,0,1,0,0,0,1,0,0,0,0,0,0,0,0,0,0,0,0,1,0,0,1,0,0
0,2,0,35.0,0,0,26.0,2,13.0,0,1,0,1,0,1,0,0,0,0,0,0,0,0,0,0,0,0,1,0,1,0,0,0
1,2,0,34.0,0,0,13.0,1,13.0,1,1,0,1,0,1,0,0,0,0,0,0,0,1,0,0,0,0,0,0,1,0,0,0
1,3,1,15.0,0,0,8.0292,1,8.0292,0,1,1,0,0,1,0,0,0,0,0,0,0,0,0,0,0,0,1,1,0,0,0,1
1,1,0,28.0,0,0,35.5,1,35.5,1,1,0,1,0,1,0,0,0,0,0,0,0,0,0,0,0,0,0,0,1,0,0,0
0,3,1,8.0,3,1,21.075,4,5.26875,0,5,0,1,0,1,0,0,0,0,0,0,0,0,0,0,0,0,1,1,0,0,0,1
1,3,1,38.0,1,5,31.3875,4,7.846875,0,7,0,1,0,1,0,0,0,0,0,0,0,0,0,0,0,0,1,0,0,1,0,0
0,3,0,24.0,0,0,7.225,1,7.225,0,1,0,0,0,1,0,0,0,0,0,0,0,0,0,0,0,0,1,0,1,0,0,0
0,1,0,19.0,3,2,263.0,4,65.75,1,6,0,1,0,1,0,0,0,0,0,0,1,0,0,0,0,0,0,0,1,0,0,0
1,3,1,24.0,0,0,7.8792,1,7.8792,0,1,1,0,0,1,0,0,0,0,0,0,0,0,0,0,0,0,1,1,0,0,0,0
0,3,0,24.0,0,0,7.8958,1,7.8958,0,1,0,1,0,1,0,0,0,0,0,0,0,0,0,0,0,0,1,0,1,0,0,0
0,1,0,40.0,0,0,27.7208,1,27.7208,0,1,0,0,0,0,1,0,0,0,0,0,0,0,0,0,0,0,1,0,0,0,1,0
1,1,1,37.0,1,0,146.5208,2,73.2604,1,2,0,0,0,0,1,0,0,0,0,1,0,0,0,0,0,0,0,0,0,1,0,0
1,3,1,24.0,0,0,7.75,1,7.75,0,1,1,0,0,1,0,0,0,0,0,0,0,0,0,0,0,0,1,1,0,0,0,0
0,2,0,66.0,0,0,10.5,1,10.5,0,1,0,1,1,0,0,0,0,0,0,0,0,0,0,0,0,0,1,0,1,0,0,0
0,1,0,28.0,1,0,40.125,2,20.0625,0,2,0,0,0,0,1,0,0,0,0,0,0,0,0,0,0,0,1,0,1,0,0,0
0,1,0,42.0,1,0,52.0,2,26.0,0,2,0,1,0,1,0,0,0,0,0,0,0,0,0,0,0,0,1,0,1,0,0,0
1,3,0,24.0,0,0,7.2292,1,7.2292,0,1,0,0,0,1,0,0,0,0,0,0,0,0,0,0,0,0,1,0,1,0,0,0
0,3,0,21.0,0,0,8.05,1,8.05,0,1,0,1,0,0,0,0,0,0,0,0,0,0,0,0,0,0,1,0,1,0,0,0
0,3,1,18.0,2,0,18.0,2,9.0,0,3,0,1,0,1,0,0,0,0,0,0,0,0,0,0,0,0,1,1,0,0,0,0
1,3,1,14.0,1,0,11.2417,2,5.62085,0,2,0,0,0,1,0,0,0,0,0,0,0,0,0,0,0,0,1,1,0,0,0,1
0,3,1,40.0,1,0,9.475,1,9.475,0,2,0,1,0,1,0,0,0,0,0,0,0,0,0,0,0,0,1,0,0,1,0,0
0,2,1,27.0,1,0,21.0,2,10.5,0,2,0,1,0,1,0,0,0,0,0,0,0,0,0,0,0,0,1,0,0,1,0,0
0,3,0,24.0,0,0,7.8958,1,7.8958,0,1,0,0,0,1,0,0,0,0,0,0,0,0,0,0,0,0,1,0,1,0,0,0
1,2,1,3.0,1,2,41.5792,3,13.859733333333333,0,4,0,0,0,0,0,1,0,0,0,0,0,0,0,0,0,0,1,1,0,0,0,1
1,3,1,19.0,0,0,7.8792,1,7.8792,0,1,1,0,0,1,0,0,0,0,0,0,0,0,0,0,0,0,1,1,0,0,0,0
0,3,0,24.0,0,0,8.05,1,8.05,0,1,0,1,0,0,0,1,0,0,0,0,0,0,0,0,0,0,1,0,1,0,0,0
0,3,0,24.0,1,0,15.5,1,15.5,0,2,1,0,0,1,0,0,0,0,0,0,0,0,0,0,0,0,1,0,1,0,0,0
1,3,1,24.0,0,0,7.75,1,7.75,0,1,1,0,0,1,0,0,0,0,0,0,0,0,0,0,0,0,1,1,0,0,0,0
0,3,0,24.0,2,0,21.6792,1,21.6792,0,3,0,0,0,1,0,0,0,0,0,0,0,0,0,0,0,0,1,0,1,0,0,0
0,3,1,18.0,1,0,17.8,2,8.9,0,2,0,1,0,1,0,0,0,0,0,0,0,0,0,0,0,0,1,0,0,1,0,0
0,3,0,7.0,4,1,39.6875,6,6.614583333333333,0,6,0,1,0,1,0,0,0,0,0,0,0,0,0,0,0,0,1,0,0,0,0,1
0,3,0,21.0,0,0,7.8,1,7.8,0,1,0,1,0,0,0,0,0,0,0,0,0,0,0,0,0,0,1,0,1,0,0,0
1,1,1,49.0,1,0,76.7292,3,25.576400000000003,1,2,0,0,0,0,1,0,0,0,0,0,0,1,0,0,0,0,0,0,0,1,0,0
1,2,1,29.0,1,0,26.0,1,26.0,0,2,0,1,0,1,0,0,0,0,0,0,0,0,0,0,0,0,1,0,0,1,0,0
0,1,0,65.0,0,1,61.9792,1,61.9792,1,2,0,0,0,1,0,0,0,0,0,1,0,0,0,0,0,0,0,0,1,0,0,0
1,1,0,37.0,0,0,35.5,1,35.5,1,1,0,1,0,1,0,0,0,0,0,0,1,0,0,0,0,0,0,0,1,0,0,0
1,2,1,21.0,0,0,10.5,1,10.5,0,1,0,1,1,0,0,0,0,0,0,0,0,0,0,0,0,0,1,1,0,0,0,0
0,3,0,28.5,0,0,7.2292,1,7.2292,0,1,0,0,0,1,0,0,0,0,0,0,0,0,0,0,0,0,1,0,1,0,0,0
1,2,1,5.0,1,2,27.75,3,9.25,0,4,0,1,1,0,0,0,0,0,0,0,0,0,0,0,0,0,1,1,0,0,0,1
0,3,0,11.0,5,2,46.9,6,7.816666666666666,0,8,0,1,1,0,0,0,0,0,0,0,0,0,0,0,0,0,1,0,0,0,0,1
0,3,0,22.0,0,0,7.925,1,7.925,0,1,0,0,0,1,0,0,0,0,0,0,0,0,0,0,0,0,1,0,1,0,0,0
1,1,1,38.0,0,0,80.0,2,40.0,1,1,0,1,0,1,0,0,0,0,0,1,0,0,0,0,0,0,0,1,0,0,0,0
0,1,0,45.0,1,0,83.475,2,41.7375,1,2,0,1,0,1,0,0,0,0,0,0,1,0,0,0,0,0,0,0,1,0,0,0
0,3,0,4.0,3,2,27.9,6,4.6499999999999995,0,6,0,1,0,1,0,0,0,0,0,0,0,0,0,0,0,0,1,0,0,0,0,1
0,1,0,37.0,0,0,27.7208,1,27.7208,0,1,0,0,0,0,1,0,0,0,0,0,0,0,0,0,0,0,1,0,1,0,0,0
1,3,0,24.0,1,1,15.2458,2,7.6229,0,3,0,0,0,1,0,0,0,0,0,0,0,0,0,0,0,0,1,0,0,0,0,0
1,2,1,29.0,0,0,10.5,1,10.5,1,1,0,1,1,0,0,0,0,0,0,0,0,0,0,1,0,0,0,0,0,1,0,0
0,3,0,19.0,0,0,8.1583,1,8.1583,0,1,0,1,0,0,0,1,0,0,0,0,0,0,0,0,0,0,1,0,1,0,0,0
1,3,1,17.0,4,2,7.925,1,7.925,0,7,0,1,0,1,0,0,0,0,0,0,0,0,0,0,0,0,1,1,0,0,0,1
0,3,0,26.0,2,0,8.6625,1,8.6625,0,3,0,1,0,1,0,0,0,0,0,0,0,0,0,0,0,0,1,0,1,0,0,0
0,2,0,32.0,0,0,10.5,1,10.5,0,1,0,1,1,0,0,0,0,0,0,0,0,0,0,0,0,0,1,0,1,0,0,0
0,3,1,16.0,5,2,46.9,6,7.816666666666666,0,8,0,1,1,0,0,0,0,0,0,0,0,0,0,0,0,0,1,1,0,0,0,1
0,2,0,21.0,0,0,73.5,5,14.7,0,1,0,1,0,0,0,1,0,0,0,0,0,0,0,0,0,0,1,0,1,0,0,0
0,3,0,26.0,1,0,14.4542,1,14.4542,0,2,0,0,0,1,0,0,0,0,0,0,0,0,0,0,0,0,1,0,1,0,0,0
1,3,0,32.0,0,0,56.4958,7,8.070828571428573,0,1,0,1,0,1,0,0,0,0,0,0,0,0,0,0,0,0,1,0,1,0,0,0
0,3,0,25.0,0,0,7.65,1,7.65,1,1,0,1,0,1,0,0,0,0,0,0,0,0,0,1,0,0,0,0,1,0,0,0
0,3,0,24.0,0,0,7.8958,1,7.8958,0,1,0,1,0,1,0,0,0,0,0,0,0,0,0,0,0,0,1,0,1,0,0,0
0,3,0,24.0,0,0,8.05,1,8.05,0,1,0,1,0,1,0,0,0,0,0,0,0,0,0,0,0,0,1,0,1,0,0,0
1,2,0,0.83,0,2,29.0,2,14.5,0,3,0,1,0,1,0,0,0,0,0,0,0,0,0,0,0,0,1,0,0,0,0,1
1,3,1,30.0,0,0,12.475,2,6.2375,0,1,0,1,0,1,0,0,0,0,0,0,0,0,0,0,0,0,1,1,0,0,0,0
0,3,0,22.0,0,0,9.0,1,9.0,0,1,0,1,0,1,0,0,0,0,0,0,0,0,0,0,0,0,1,0,1,0,0,0
1,3,0,29.0,0,0,9.5,1,9.5,0,1,0,1,0,1,0,0,0,0,0,0,0,0,0,0,0,0,1,0,1,0,0,0
1,3,1,24.0,0,0,7.7875,1,7.7875,0,1,1,0,0,1,0,0,0,0,0,0,0,0,0,0,0,0,1,1,0,0,0,0
0,1,0,28.0,0,0,47.1,1,47.1,0,1,0,1,0,1,0,0,0,0,0,0,0,0,0,0,0,0,1,0,1,0,0,0
1,2,1,17.0,0,0,10.5,1,10.5,0,1,0,1,0,0,0,1,0,0,0,0,0,0,0,0,0,0,1,1,0,0,0,1
1,3,1,33.0,3,0,15.85,2,7.925,0,4,0,1,0,1,0,0,0,0,0,0,0,0,0,0,0,0,1,0,0,1,0,0
0,3,0,16.0,1,3,34.375,4,8.59375,0,5,0,1,0,0,0,0,0,0,1,0,0,0,0,0,0,0,1,0,1,0,0,1
0,3,0,24.0,0,0,8.05,1,8.05,0,1,0,1,0,0,0,0,1,0,0,0,0,0,0,0,0,0,1,0,1,0,0,0
1,1,1,23.0,3,2,263.0,4,65.75,1,6,0,1,0,1,0,0,0,0,0,0,1,0,0,0,0,0,0,1,0,0,0,0
0,3,0,24.0,0,0,7.925,1,7.925,0,1,0,1,0,1,0,0,0,0,0,0,0,0,0,0,0,0,1,0,1,0,0,0
0,3,0,29.0,0,0,8.05,1,8.05,0,1,0,1,0,1,0,0,0,0,0,0,0,0,0,0,0,0,1,0,1,0,0,0
0,3,0,20.0,0,0,7.8542,1,7.8542,0,1,0,1,0,1,0,0,0,0,0,0,0,0,0,0,0,0,1,0,1,0,0,0
0,1,0,46.0,1,0,61.175,1,61.175,1,2,0,1,0,0,0,1,0,0,0,0,0,0,1,0,0,0,0,0,1,0,0,0
0,3,0,26.0,1,2,20.575,2,10.2875,0,4,0,1,1,0,0,0,0,0,0,0,0,0,0,0,0,0,1,0,1,0,0,0
0,3,0,59.0,0,0,7.25,1,7.25,0,1,0,1,0,1,0,0,0,0,0,0,0,0,0,0,0,0,1,0,1,0,0,0
0,3,0,24.0,0,0,7.925,1,7.925,0,1,0,1,0,1,0,0,0,0,0,0,0,0,0,0,0,0,1,0,1,0,0,0
0,1,0,71.0,0,0,34.6542,1,34.6542,1,1,0,0,0,0,1,0,0,0,0,0,0,0,0,0,0,0,0,0,1,0,0,0
1,1,0,23.0,0,1,63.3583,1,63.3583,1,2,0,0,0,0,1,0,0,0,0,0,0,1,0,0,0,0,0,0,1,0,0,0
1,2,1,34.0,0,1,23.0,2,11.5,0,2,0,1,0,1,0,0,0,0,0,0,0,0,0,0,0,0,1,0,0,1,0,0
0,2,0,34.0,1,0,26.0,2,13.0,0,2,0,1,0,1,0,0,0,0,0,0,0,0,0,0,0,0,1,0,1,0,0,0
0,3,1,28.0,0,0,7.8958,1,7.8958,0,1,0,1,0,1,0,0,0,0,0,0,0,0,0,0,0,0,1,1,0,0,0,0
0,3,0,24.0,0,0,7.925,1,7.925,0,1,0,1,0,1,0,0,0,0,0,0,0,0,0,0,0,0,1,0,1,0,0,0
0,1,0,21.0,0,1,77.2875,2,38.64375,1,2,0,1,0,1,0,0,0,0,0,0,0,1,0,0,0,0,0,0,1,0,0,0
0,3,0,33.0,0,0,8.6542,1,8.6542,0,1,0,1,0,1,0,0,0,0,0,0,0,0,0,0,0,0,1,0,1,0,0,0
0,3,0,37.0,2,0,7.925,1,7.925,0,3,0,1,0,1,0,0,0,0,0,0,0,0,0,0,0,0,1,0,1,0,0,0
0,3,0,28.0,0,0,7.8958,1,7.8958,0,1,0,1,0,1,0,0,0,0,0,0,0,0,0,0,0,0,1,0,1,0,0,0
1,3,1,21.0,0,0,7.65,1,7.65,0,1,0,1,0,1,0,0,0,0,0,0,0,0,0,0,0,0,1,1,0,0,0,0
1,3,0,24.0,0,0,7.775,1,7.775,0,1,0,1,0,1,0,0,0,0,0,0,0,0,0,0,0,0,1,0,1,0,0,0
0,3,0,38.0,0,0,7.8958,1,7.8958,0,1,0,1,0,1,0,0,0,0,0,0,0,0,0,0,0,0,1,0,1,0,0,0
1,3,1,24.0,1,0,24.15,3,8.049999999999999,0,2,1,0,0,1,0,0,0,0,0,0,0,0,0,0,0,0,1,1,0,0,0,0
0,1,0,47.0,0,0,40.125,2,20.0625,1,1,0,1,0,1,0,0,0,0,0,0,1,0,0,0,0,0,0,0,1,0,0,0
0,3,1,14.5,1,0,14.4542,2,7.2271,0,2,0,0,0,1,0,0,0,0,0,0,0,0,0,0,0,0,1,1,0,0,0,1
0,3,0,22.0,0,0,8.05,1,8.05,0,1,0,1,0,1,0,0,0,0,0,0,0,0,0,0,0,0,1,0,1,0,0,0
0,3,1,20.0,1,0,9.825,1,9.825,0,2,0,1,0,1,0,0,0,0,0,0,0,0,0,0,0,0,1,1,0,0,0,0
0,3,1,17.0,0,0,14.4583,2,7.22915,0,1,0,0,0,1,0,0,0,0,0,0,0,0,0,0,0,0,1,1,0,0,0,1
0,3,0,21.0,0,0,7.925,1,7.925,0,1,0,1,0,0,0,0,0,1,0,0,0,0,0,0,0,0,1,0,1,0,0,0
0,3,0,70.5,0,0,7.75,1,7.75,0,1,1,0,0,1,0,0,0,0,0,0,0,0,0,0,0,0,1,0,1,0,0,0
0,2,0,29.0,1,0,21.0,2,10.5,0,2,0,1,0,1,0,0,0,0,0,0,0,0,0,0,0,0,1,0,1,0,0,0
0,1,0,24.0,0,1,247.5208,2,123.7604,1,2,0,0,0,0,1,0,0,0,0,1,0,0,0,0,0,0,0,0,1,0,0,0
0,3,1,2.0,4,2,31.275,7,4.4678571428571425,0,7,0,1,0,1,0,0,0,0,0,0,0,0,0,0,0,0,1,1,0,0,0,1
0,2,0,21.0,2,0,73.5,5,14.7,0,3,0,1,0,0,0,1,0,0,0,0,0,0,0,0,0,0,1,0,1,0,0,0
0,3,0,24.0,0,0,8.05,1,8.05,0,1,0,1,0,0,0,0,0,0,0,0,0,0,0,0,0,0,1,0,1,0,0,0
0,2,0,32.5,1,0,30.0708,2,15.0354,0,2,0,0,0,1,0,0,0,0,0,0,0,0,0,0,0,0,1,0,1,0,0,0
1,2,1,32.5,0,0,13.0,1,13.0,1,1,0,1,0,1,0,0,0,0,0,0,0,0,1,0,0,0,0,1,0,0,0,0
0,1,0,54.0,0,1,77.2875,2,38.64375,1,2,0,1,0,1,0,0,0,0,0,0,0,1,0,0,0,0,0,0,1,0,0,0
1,3,0,12.0,1,0,11.2417,2,5.62085,0,2,0,0,0,1,0,0,0,0,0,0,0,0,0,0,0,0,1,0,0,0,0,1
0,3,0,24.0,0,0,7.75,1,7.75,0,1,1,0,0,1,0,0,0,0,0,0,0,0,0,0,0,0,1,0,1,0,0,0
1,3,0,24.0,0,0,7.1417,1,7.1417,0,1,0,1,0,0,0,1,0,0,0,0,0,0,0,0,0,0,1,0,1,0,0,0
1,3,1,24.0,1,1,22.3583,2,11.17915,1,3,0,0,0,1,0,0,0,0,0,0,0,0,0,1,0,0,0,1,0,0,0,0
0,3,0,45.0,0,0,6.975,1,6.975,0,1,0,1,0,1,0,0,0,0,0,0,0,0,0,0,0,0,1,0,1,0,0,0
0,3,0,33.0,0,0,7.925,1,7.925,0,1,0,0,0,1,0,0,0,0,0,0,0,0,0,0,0,0,1,0,1,0,0,0
0,3,0,20.0,0,0,7.05,1,7.05,0,1,0,1,0,0,0,0,1,0,0,0,0,0,0,0,0,0,1,0,1,0,0,0
0,3,1,47.0,1,0,12.475,1,12.475,0,2,0,1,0,0,0,0,0,0,0,0,0,0,0,0,0,0,1,0,0,1,0,0
1,2,1,29.0,1,0,26.0,1,26.0,0,2,0,1,0,1,0,0,0,0,0,0,0,0,0,0,0,0,1,0,0,1,0,0
0,2,0,25.0,0,0,13.0,1,13.0,0,1,0,1,1,0,0,0,0,0,0,0,0,0,0,0,0,0,1,0,1,0,0,0
0,2,0,23.0,0,0,15.0458,1,15.0458,0,1,0,0,0,0,0,1,0,0,0,0,0,0,0,0,0,0,1,0,1,0,0,0
1,1,1,19.0,0,2,26.2833,1,26.2833,1,3,0,1,0,1,0,0,0,0,0,0,0,1,0,0,0,0,0,1,0,0,0,0
0,1,0,37.0,1,0,53.1,2,26.55,1,2,0,1,0,1,0,0,0,0,0,0,1,0,0,0,0,0,0,0,1,0,0,0
0,3,0,16.0,0,0,7.925,2,3.9625,0,1,0,1,0,1,0,0,0,0,0,0,0,0,0,0,0,0,1,0,1,0,0,1
0,1,0,24.0,0,0,40.125,2,20.0625,1,1,0,0,0,0,1,0,0,0,0,1,0,0,0,0,0,0,0,0,1,0,0,0
0,3,1,24.0,0,2,15.2458,2,7.6229,0,3,0,0,0,1,0,0,0,0,0,0,0,0,0,0,0,0,1,0,0,1,0,0
1,3,1,22.0,0,0,7.75,1,7.75,0,1,0,1,0,1,0,0,0,0,0,0,0,0,0,0,0,0,1,1,0,0,0,0
1,3,1,24.0,1,0,15.85,2,7.925,0,2,0,1,0,0,0,0,0,1,0,0,0,0,0,0,0,0,1,0,0,1,0,0
0,3,0,19.0,0,0,6.75,1,6.75,0,1,1,0,0,1,0,0,0,0,0,0,0,0,0,0,0,0,1,0,1,0,0,0
0,2,0,18.0,0,0,13.0,1,13.0,0,1,0,1,0,1,0,0,0,0,0,0,0,0,0,0,0,0,1,0,1,0,0,0
0,2,0,19.0,1,1,36.75,2,18.375,0,3,0,1,1,0,0,0,0,0,0,0,0,0,0,0,0,0,1,0,1,0,0,0
1,3,0,27.0,0,0,7.7958,1,7.7958,0,1,0,1,0,1,0,0,0,0,0,0,0,0,0,0,0,0,1,0,1,0,0,0
0,3,1,9.0,2,2,34.375,4,8.59375,0,5,0,1,0,0,0,0,0,0,1,0,0,0,0,0,0,0,1,1,0,0,0,1
0,2,0,36.5,0,2,26.0,3,8.666666666666666,1,3,0,1,0,1,0,0,0,0,0,0,0,0,0,1,0,0,0,0,1,0,0,0
0,2,0,42.0,0,0,13.0,1,13.0,0,1,0,1,0,1,0,0,0,0,0,0,0,0,0,0,0,0,1,0,0,0,1,0
0,2,0,51.0,0,0,12.525,1,12.525,0,1,0,1,0,0,0,1,0,0,0,0,0,0,0,0,0,0,1,0,0,0,1,0
1,1,1,22.0,1,0,82.1708,2,41.0854,1,2,0,1,0,1,0,0,0,0,0,0,1,0,0,0,0,0,0,0,0,1,0,0
0,3,0,55.5,0,0,8.05,1,8.05,0,1,0,1,0,0,0,0,0,0,0,0,0,0,0,0,0,0,1,0,1,0,0,0
0,3,0,40.5,0,2,14.5,1,14.5,0,3,0,1,0,0,0,0,0,0,0,0,0,0,0,0,0,0,1,0,1,0,0,0
0,3,0,24.0,0,0,7.3125,1,7.3125,0,1,0,1,0,0,0,1,0,0,0,0,0,0,0,0,0,0,1,0,1,0,0,0
0,1,0,51.0,0,1,40.125,1,40.125,0,2,0,0,0,0,1,0,0,0,0,0,0,0,0,0,0,0,1,0,1,0,0,0
1,3,1,16.0,0,0,7.7333,1,7.7333,0,1,1,0,0,1,0,0,0,0,0,0,0,0,0,0,0,0,1,1,0,0,0,1
0,3,0,30.0,0,0,8.05,1,8.05,0,1,0,1,0,0,0,0,1,0,0,0,0,0,0,0,0,0,1,0,1,0,0,0
0,3,0,24.0,0,0,8.6625,1,8.6625,0,1,0,1,0,1,0,0,0,0,0,0,0,0,0,0,0,0,1,0,1,0,0,0
0,3,0,24.0,8,2,69.55,7,9.935714285714285,0,11,0,1,1,0,0,0,0,0,0,0,0,0,0,0,0,0,1,0,0,0,0,0
0,3,0,44.0,0,1,16.1,1,16.1,0,2,0,1,0,1,0,0,0,0,0,0,0,0,0,0,0,0,1,0,1,0,0,0
1,2,1,40.0,0,0,15.75,1,15.75,0,1,0,1,1,0,0,0,0,0,0,0,0,0,0,0,0,0,1,0,0,1,0,0
0,3,0,26.0,0,0,7.775,1,7.775,0,1,0,1,0,1,0,0,0,0,0,0,0,0,0,0,0,0,1,0,1,0,0,0
0,3,0,17.0,0,0,8.6625,1,8.6625,0,1,0,1,0,1,0,0,0,0,0,0,0,0,0,0,0,0,1,0,1,0,0,1
0,3,0,1.0,4,1,39.6875,6,6.614583333333333,0,6,0,1,0,1,0,0,0,0,0,0,0,0,0,0,0,0,1,0,0,0,0,1
1,3,0,9.0,0,2,20.525,3,6.841666666666666,0,3,0,1,0,1,0,0,0,0,0,0,0,0,0,0,0,0,1,0,0,0,0,1
1,1,1,37.0,0,1,55.0,2,27.5,1,2,0,1,0,1,0,0,0,0,0,0,0,0,1,0,0,0,0,0,0,1,0,0
0,3,1,45.0,1,4,27.9,6,4.6499999999999995,0,6,0,1,0,1,0,0,0,0,0,0,0,0,0,0,0,0,1,0,0,1,0,0
0,1,0,37.0,0,0,25.925,1,25.925,0,1,0,1,0,0,1,0,0,0,0,0,0,0,0,0,0,0,1,0,1,0,0,0
0,3,0,28.0,0,0,56.4958,7,8.070828571428573,0,1,0,1,0,1,0,0,0,0,0,0,0,0,0,0,0,0,1,0,1,0,0,0
0,1,0,61.0,0,0,33.5,1,33.5,1,1,0,1,0,1,0,0,0,0,0,1,0,0,0,0,0,0,0,0,1,0,0,0
0,3,0,4.0,4,1,29.125,5,5.825,0,6,1,0,0,1,0,0,0,0,0,0,0,0,0,0,0,0,1,0,0,0,0,1
1,3,1,1.0,1,1,11.1333,3,3.7111,0,3,0,1,0,1,0,0,0,0,0,0,0,0,0,0,0,0,1,1,0,0,0,1
0,3,0,21.0,0,0,7.925,1,7.925,0,1,0,1,0,0,0,0,0,1,0,0,0,0,0,0,0,0,1,0,1,0,0,0
0,1,0,56.0,0,0,30.6958,1,30.6958,1,1,0,0,0,1,0,0,0,0,0,0,0,0,0,0,0,0,0,0,1,0,0,0
0,3,0,18.0,1,1,7.8542,1,7.8542,0,3,0,1,0,1,0,0,0,0,0,0,0,0,0,0,0,0,1,0,1,0,0,0
0,3,0,24.0,3,1,25.4667,4,6.366675,0,5,0,1,0,1,0,0,0,0,0,0,0,0,0,0,0,0,1,0,0,0,0,0
0,1,1,50.0,0,0,28.7125,1,28.7125,1,1,0,0,0,0,1,0,0,0,0,0,1,0,0,0,0,0,0,1,0,0,0,0
0,2,0,30.0,0,0,13.0,1,13.0,0,1,0,1,0,1,0,0,0,0,0,0,0,0,0,0,0,0,1,0,1,0,0,0
0,3,0,36.0,0,0,0.0,4,0.0,0,1,0,1,0,0,0,1,0,0,0,0,0,0,0,0,0,0,1,0,1,0,0,0
0,3,1,24.0,8,2,69.55,7,9.935714285714285,0,11,0,1,1,0,0,0,0,0,0,0,0,0,0,0,0,0,1,1,0,0,0,0
0,2,0,29.0,0,0,15.05,1,15.05,0,1,0,0,0,0,0,1,0,0,0,0,0,0,0,0,0,0,1,0,1,0,0,0
0,3,0,9.0,4,2,31.3875,4,7.846875,0,7,0,1,0,1,0,0,0,0,0,0,0,0,0,0,0,0,1,0,0,0,0,1
1,2,0,1.0,2,1,39.0,2,19.5,1,4,0,1,0,1,0,0,0,0,0,0,0,0,0,1,0,0,0,0,0,0,0,1
1,3,1,4.0,0,2,22.025,1,22.025,0,3,0,1,0,1,0,0,0,0,0,0,0,0,0,0,0,0,1,1,0,0,0,1
0,1,0,37.0,0,0,50.0,1,50.0,1,1,0,1,0,1,0,0,0,0,0,0,0,0,0,0,0,0,0,0,1,0,0,0
1,3,1,24.0,1,0,12.475,2,6.2375,0,2,1,0,0,1,0,0,0,0,0,0,0,0,0,0,0,0,1,0,0,1,0,0
1,1,0,45.0,0,0,26.55,1,26.55,0,1,0,1,0,1,0,0,0,0,0,0,0,0,0,0,0,0,1,0,1,0,0,0
0,3,0,40.0,1,1,15.5,2,7.75,0,3,1,0,0,1,0,0,0,0,0,0,0,0,0,0,0,0,1,0,1,0,0,0
0,3,0,36.0,0,0,7.8958,1,7.8958,0,1,0,1,0,1,0,0,0,0,0,0,0,0,0,0,0,0,1,0,1,0,0,0
1,2,1,32.0,0,0,13.0,1,13.0,0,1,0,1,0,1,0,0,0,0,0,0,0,0,0,0,0,0,1,0,0,1,0,0
0,2,0,19.0,0,0,13.0,1,13.0,0,1,0,1,0,1,0,0,0,0,0,0,0,0,0,0,0,0,1,0,1,0,0,0
1,3,1,19.0,1,0,7.8542,1,7.8542,0,2,0,1,0,1,0,0,0,0,0,0,0,0,0,0,0,0,1,1,0,0,0,0
1,2,0,3.0,1,1,26.0,3,8.666666666666666,1,3,0,1,0,1,0,0,0,0,0,0,0,0,0,1,0,0,0,0,0,0,0,1
1,1,1,44.0,0,0,82.1708,1,82.1708,1,1,0,0,0,0,1,0,0,0,0,1,0,0,0,0,0,0,0,0,0,1,0,0
1,1,1,58.0,0,0,146.5208,2,73.2604,1,1,0,0,0,0,1,0,0,0,0,1,0,0,0,0,0,0,0,1,0,0,0,0
0,3,0,24.0,0,0,7.75,1,7.75,0,1,1,0,0,1,0,0,0,0,0,0,0,0,0,0,0,0,1,0,1,0,0,0
0,3,0,42.0,0,1,7.925,1,7.925,0,2,0,1,0,1,0,0,0,0,0,0,0,0,0,0,0,0,1,0,1,0,0,0
1,3,1,24.0,0,0,7.75,1,7.75,0,1,1,0,0,1,0,0,0,0,0,0,0,0,0,0,0,0,1,1,0,0,0,0
0,2,1,24.0,0,0,13.0,1,13.0,0,1,0,1,0,1,0,0,0,0,0,0,0,0,0,0,0,0,1,1,0,0,0,0
0,3,0,28.0,0,0,9.5,1,9.5,0,1,0,1,0,1,0,0,0,0,0,0,0,0,0,0,0,0,1,0,1,0,0,0
0,3,0,24.0,8,2,69.55,7,9.935714285714285,0,11,0,1,1,0,0,0,0,0,0,0,0,0,0,0,0,0,1,0,1,0,0,0
0,3,0,34.0,0,0,6.4958,1,6.4958,0,1,0,1,0,1,0,0,0,0,0,0,0,0,0,0,0,0,1,0,1,0,0,0
0,3,0,45.5,0,0,7.225,1,7.225,0,1,0,0,0,1,0,0,0,0,0,0,0,0,0,0,0,0,1,0,1,0,0,0
1,3,0,18.0,0,0,8.05,1,8.05,0,1,0,1,0,0,0,0,0,0,0,0,0,0,0,0,0,0,1,0,1,0,0,0
0,3,1,2.0,0,1,12.475,2,6.2375,1,2,0,1,0,1,0,0,0,0,0,0,0,0,0,0,1,0,0,1,0,0,0,1
0,3,0,32.0,1,0,15.85,2,7.925,0,2,0,1,0,1,0,0,0,0,0,0,0,0,0,0,0,0,1,0,1,0,0,0
1,3,0,26.0,0,0,18.7875,2,9.39375,0,1,0,0,0,1,0,0,0,0,0,0,0,0,0,0,0,0,1,0,1,0,0,0
1,3,1,16.0,0,0,12.475,1,12.475,0,1,1,0,0,1,0,0,0,0,0,0,0,0,0,0,0,0,1,1,0,0,0,1
1,1,0,40.0,0,0,31.0,1,31.0,1,1,0,0,0,1,0,0,0,0,0,0,0,0,0,0,0,0,0,0,1,0,0,0
0,3,0,24.0,0,0,7.05,1,7.05,0,1,0,1,0,0,0,0,1,0,0,0,0,0,0,0,0,0,1,0,1,0,0,0
1,2,1,35.0,0,0,21.0,1,21.0,0,1,0,1,0,0,0,1,0,0,0,0,0,0,0,0,0,0,1,1,0,0,0,0
0,3,0,22.0,0,0,7.25,1,7.25,0,1,0,1,0,0,0,0,0,0,0,0,0,0,0,0,0,0,1,0,1,0,0,0
0,2,0,30.0,0,0,13.0,1,13.0,0,1,0,1,0,1,0,0,0,0,0,0,0,0,0,0,0,0,1,0,1,0,0,0
0,3,0,24.0,1,0,7.75,1,7.75,0,2,1,0,0,1,0,0,0,0,0,0,0,0,0,0,0,0,1,0,1,0,0,0
1,1,1,31.0,1,0,113.275,3,37.75833333333333,1,2,0,0,0,1,0,0,0,0,0,0,0,1,0,0,0,0,0,1,0,0,0,0
1,3,1,27.0,0,0,7.925,1,7.925,0,1,0,1,0,0,0,0,0,1,0,0,0,0,0,0,0,0,1,1,0,0,0,0
0,2,0,42.0,1,0,27.0,2,13.5,0,2,0,1,0,1,0,0,0,0,0,0,0,0,0,0,0,0,1,0,1,0,0,0
1,1,1,32.0,0,0,76.2917,1,76.2917,1,1,0,0,0,1,0,0,0,0,0,0,0,1,0,0,0,0,0,1,0,0,0,0
0,2,0,30.0,0,0,10.5,1,10.5,0,1,0,1,0,0,0,0,0,0,1,0,0,0,0,0,0,0,1,0,1,0,0,0
1,3,0,16.0,0,0,8.05,1,8.05,0,1,0,1,0,0,0,0,1,0,0,0,0,0,0,0,0,0,1,0,1,0,0,1
0,2,0,27.0,0,0,13.0,1,13.0,0,1,0,1,0,1,0,0,0,0,0,0,0,0,0,0,0,0,1,0,1,0,0,0
0,3,0,51.0,0,0,8.05,1,8.05,0,1,0,1,0,1,0,0,0,0,0,0,0,0,0,0,0,0,1,0,1,0,0,0
0,3,0,24.0,0,0,7.8958,1,7.8958,0,1,0,1,0,1,0,0,0,0,0,0,0,0,0,0,0,0,1,0,1,0,0,0
1,1,0,38.0,1,0,90.0,2,45.0,1,2,0,1,0,1,0,0,0,0,0,0,1,0,0,0,0,0,0,0,1,0,0,0
0,3,0,22.0,0,0,9.35,1,9.35,0,1,0,1,0,0,0,1,0,0,0,0,0,0,0,0,0,0,1,0,1,0,0,0
1,2,0,19.0,0,0,10.5,1,10.5,0,1,0,1,0,0,0,1,0,0,0,0,0,0,0,0,0,0,1,0,1,0,0,0
0,3,0,20.5,0,0,7.25,1,7.25,0,1,0,1,0,0,0,0,0,0,0,0,0,0,0,0,0,0,1,0,1,0,0,0
0,2,0,18.0,0,0,13.0,1,13.0,0,1,0,1,0,1,0,0,0,0,0,0,0,0,0,0,0,0,1,0,1,0,0,0
0,3,1,24.0,3,1,25.4667,4,6.366675,0,5,0,1,0,1,0,0,0,0,0,0,0,0,0,0,0,0,1,1,0,0,0,0
1,1,1,35.0,1,0,83.475,2,41.7375,1,2,0,1,0,1,0,0,0,0,0,0,1,0,0,0,0,0,0,0,0,1,0,0
0,3,0,29.0,0,0,7.775,1,7.775,0,1,0,1,0,1,0,0,0,0,0,0,0,0,0,0,0,0,1,0,1,0,0,0
0,2,0,59.0,0,0,13.5,1,13.5,0,1,0,1,0,1,0,0,0,0,0,0,0,0,0,0,0,0,1,0,1,0,0,0
1,3,1,5.0,4,2,31.3875,4,7.846875,0,7,0,1,0,1,0,0,0,0,0,0,0,0,0,0,0,0,1,1,0,0,0,1
0,2,0,24.0,0,0,10.5,1,10.5,0,1,0,1,1,0,0,0,0,0,0,0,0,0,0,0,0,0,1,0,1,0,0,0
0,3,1,24.0,0,0,7.55,1,7.55,0,1,0,1,0,0,0,0,0,0,1,0,0,0,0,0,0,0,1,1,0,0,0,0
0,2,0,44.0,1,0,26.0,1,26.0,0,2,0,1,0,1,0,0,0,0,0,0,0,0,0,0,0,0,1,0,1,0,0,0
1,2,1,8.0,0,2,26.25,3,8.75,0,3,0,1,1,0,0,0,0,0,0,0,0,0,0,0,0,0,1,1,0,0,0,1
0,2,0,19.0,0,0,10.5,1,10.5,0,1,0,1,0,1,0,0,0,0,0,0,0,0,0,0,0,0,1,0,1,0,0,0
0,2,0,33.0,0,0,12.275,1,12.275,0,1,0,1,0,0,0,1,0,0,0,0,0,0,0,0,0,0,1,0,1,0,0,0
0,3,1,24.0,1,0,14.4542,2,7.2271,0,2,0,0,0,1,0,0,0,0,0,0,0,0,0,0,0,0,1,1,0,0,0,0
1,3,1,24.0,1,0,15.5,2,7.75,0,2,1,0,0,1,0,0,0,0,0,0,0,0,0,0,0,0,1,1,0,0,0,0
0,2,0,29.0,0,0,10.5,1,10.5,0,1,0,1,0,0,0,0,0,0,1,0,0,0,0,0,0,0,1,0,1,0,0,0
0,3,0,22.0,0,0,7.125,1,7.125,0,1,0,1,0,0,0,0,0,1,0,0,0,0,0,0,0,0,1,0,1,0,0,0
0,3,0,30.0,0,0,7.225,1,7.225,0,1,0,0,0,1,0,0,0,0,0,0,0,0,0,0,0,0,1,0,1,0,0,0
0,1,0,44.0,2,0,90.0,2,45.0,1,3,1,0,0,1,0,0,0,0,0,0,1,0,0,0,0,0,0,0,0,0,1,0
0,3,1,25.0,0,0,7.775,1,7.775,0,1,0,1,0,1,0,0,0,0,0,0,0,0,0,0,0,0,1,1,0,0,0,0
1,2,1,24.0,0,2,14.5,2,7.25,0,3,0,1,0,1,0,0,0,0,0,0,0,0,0,0,0,0,1,0,0,1,0,0
1,1,0,37.0,1,1,52.5542,2,26.2771,1,3,0,1,0,1,0,0,0,0,0,0,0,1,0,0,0,0,0,0,1,0,0,0
0,2,0,54.0,1,0,13.0,2,6.5,0,2,0,1,0,1,0,0,0,0,0,0,0,0,0,0,0,0,1,0,0,0,1,0
0,3,0,24.0,0,0,7.925,1,7.925,0,1,0,1,0,1,0,0,0,0,0,0,0,0,0,0,0,0,1,0,1,0,0,0
0,3,1,29.0,1,1,10.4625,2,5.23125,1,3,0,1,0,1,0,0,0,0,0,0,0,0,0,0,1,0,0,0,0,1,0,0
0,1,0,62.0,0,0,26.55,1,26.55,1,1,0,1,0,1,0,0,0,0,0,0,1,0,0,0,0,0,0,0,1,0,0,0
0,3,0,30.0,1,0,16.1,2,8.05,0,2,0,1,0,0,0,0,0,0,0,0,0,0,0,0,0,0,1,0,1,0,0,0
0,3,1,41.0,0,2,20.2125,2,10.10625,0,3,0,1,0,1,0,0,0,0,0,0,0,0,0,0,0,0,1,0,0,1,0,0
1,3,1,29.0,0,2,15.2458,1,15.2458,0,3,0,0,0,1,0,0,0,0,0,0,0,0,0,0,0,0,1,0,0,1,0,0
1,1,1,37.0,0,0,79.2,1,79.2,0,1,0,0,0,0,1,0,0,0,0,0,0,0,0,0,0,0,1,0,0,1,0,0
1,1,1,30.0,0,0,82.1708,3,27.390266666666665,1,1,0,1,0,1,0,0,0,0,0,1,0,0,0,0,0,0,0,1,0,0,0,0
1,1,1,35.0,0,0,512.3292,3,170.7764,0,1,0,0,0,0,1,0,0,0,0,0,0,0,0,0,0,0,1,1,0,0,0,0
1,2,1,50.0,0,1,26.0,2,13.0,0,2,0,1,0,1,0,0,0,0,0,0,0,0,0,0,0,0,1,0,0,1,0,0
0,3,0,24.0,0,0,7.75,1,7.75,0,1,1,0,0,1,0,0,0,0,0,0,0,0,0,0,0,0,1,0,1,0,0,0
1,3,0,3.0,4,2,31.3875,4,7.846875,0,7,0,1,0,1,0,0,0,0,0,0,0,0,0,0,0,0,1,0,0,0,0,1
0,1,0,52.0,1,1,79.65,3,26.55,1,3,0,1,0,1,0,0,0,0,0,0,0,0,1,0,0,0,0,0,1,0,0,0
0,1,0,40.0,0,0,40.125,1,40.125,1,1,0,1,0,1,0,0,0,0,0,1,0,0,0,0,0,0,0,0,1,0,0,0
0,3,1,24.0,0,0,7.75,1,7.75,0,1,1,0,0,1,0,0,0,0,0,0,0,0,0,0,0,0,1,1,0,0,0,0
0,2,0,36.0,0,0,10.5,1,10.5,0,1,0,1,1,0,0,0,0,0,0,0,0,0,0,0,0,0,1,0,1,0,0,0
0,3,0,16.0,4,1,39.6875,6,6.614583333333333,0,6,0,1,0,1,0,0,0,0,0,0,0,0,0,0,0,0,1,0,1,0,0,1
1,3,0,25.0,1,0,7.775,1,7.775,0,2,0,1,0,1,0,0,0,0,0,0,0,0,0,0,0,0,1,0,1,0,0,0
1,1,1,58.0,0,1,153.4625,3,51.15416666666667,1,2,0,1,0,0,1,0,0,0,0,0,1,0,0,0,0,0,0,0,0,1,0,0
1,1,1,35.0,0,0,135.6333,3,45.211099999999995,1,1,0,1,0,0,1,0,0,0,0,0,1,0,0,0,0,0,0,1,0,0,0,0
0,1,0,37.0,0,0,40.125,2,20.0625,0,1,0,1,0,1,0,0,0,0,0,0,0,0,0,0,0,0,1,0,1,0,0,0
1,3,0,25.0,0,0,0.0,4,0.0,0,1,0,1,0,0,0,1,0,0,0,0,0,0,0,0,0,0,1,0,1,0,0,0
1,2,1,41.0,0,1,19.5,2,9.75,0,2,0,1,0,1,0,0,0,0,0,0,0,0,0,0,0,0,1,0,0,1,0,0
0,1,0,37.0,0,1,29.7,1,29.7,1,2,0,0,0,0,1,0,0,0,0,0,1,0,0,0,0,0,0,0,1,0,0,0
1,3,1,24.0,0,0,7.75,1,7.75,0,1,1,0,0,1,0,0,0,0,0,0,0,0,0,0,0,0,1,1,0,0,0,0
1,1,1,63.0,1,0,77.9583,3,25.986099999999997,1,2,0,1,0,1,0,0,0,0,0,0,0,1,0,0,0,0,0,1,0,0,0,0
0,3,1,45.0,0,0,7.75,1,7.75,0,1,0,1,0,1,0,0,0,0,0,0,0,0,0,0,0,0,1,1,0,0,0,0
0,2,0,29.0,0,0,0.0,3,0.0,0,1,0,1,0,1,0,0,0,0,0,0,0,0,0,0,0,0,1,0,1,0,0,0
0,3,0,7.0,4,1,29.125,5,5.825,0,6,1,0,0,1,0,0,0,0,0,0,0,0,0,0,0,0,1,0,0,0,0,1
1,3,1,35.0,1,1,20.25,2,10.125,0,3,0,1,1,0,0,0,0,0,0,0,0,0,0,0,0,0,1,0,0,1,0,0
0,3,0,65.0,0,0,7.75,1,7.75,0,1,1,0,0,1,0,0,0,0,0,0,0,0,0,0,0,0,1,0,1,0,0,0
0,3,0,28.0,0,0,7.8542,1,7.8542,0,1,0,1,0,1,0,0,0,0,0,0,0,0,0,0,0,0,1,0,1,0,0,0
0,3,0,16.0,0,0,9.5,1,9.5,0,1,0,1,0,1,0,0,0,0,0,0,0,0,0,0,0,0,1,0,1,0,0,1
1,3,0,19.0,0,0,8.05,1,8.05,0,1,0,1,0,0,0,0,0,0,0,0,0,0,0,0,0,0,1,0,1,0,0,0
0,1,0,37.0,0,0,26.0,1,26.0,1,1,0,1,0,1,0,0,0,0,0,0,0,0,0,0,0,0,0,0,1,0,0,0
0,3,0,33.0,0,0,8.6625,1,8.6625,0,1,0,0,0,1,0,0,0,0,0,0,0,0,0,0,0,0,1,0,1,0,0,0
1,3,0,30.0,0,0,9.5,1,9.5,0,1,0,1,0,1,0,0,0,0,0,0,0,0,0,0,0,0,1,0,1,0,0,0
0,3,0,22.0,0,0,7.8958,1,7.8958,0,1,0,1,0,1,0,0,0,0,0,0,0,0,0,0,0,0,1,0,1,0,0,0
1,2,0,42.0,0,0,13.0,1,13.0,0,1,0,1,0,1,0,0,0,0,0,0,0,0,0,0,0,0,1,0,1,0,0,0
1,3,1,22.0,0,0,7.75,1,7.75,0,1,1,0,0,1,0,0,0,0,0,0,0,0,0,0,0,0,1,1,0,0,0,0
1,1,1,26.0,0,0,78.85,2,39.425,0,1,0,1,0,1,0,0,0,0,0,0,0,0,0,0,0,0,1,1,0,0,0,0
1,1,1,19.0,1,0,91.0792,2,45.5396,1,2,0,0,0,1,0,0,0,0,0,1,0,0,0,0,0,0,0,0,0,1,0,0
0,2,0,36.0,0,0,12.875,1,12.875,1,1,0,0,0,0,0,1,0,0,0,0,0,1,0,0,0,0,0,0,1,0,0,0
0,3,1,24.0,0,0,8.85,1,8.85,0,1,0,1,0,1,0,0,0,0,0,0,0,0,0,0,0,0,1,1,0,0,0,0
0,3,0,24.0,0,0,7.8958,1,7.8958,0,1,0,1,0,1,0,0,0,0,0,0,0,0,0,0,0,0,1,0,1,0,0,0
0,1,0,37.0,0,0,27.7208,1,27.7208,0,1,0,0,0,0,1,0,0,0,0,0,0,0,0,0,0,0,1,0,1,0,0,0
0,3,0,23.5,0,0,7.2292,1,7.2292,0,1,0,0,0,1,0,0,0,0,0,0,0,0,0,0,0,0,1,0,1,0,0,0
0,1,1,2.0,1,2,151.55,4,37.8875,1,4,0,1,0,1,0,0,0,0,0,0,1,0,0,0,0,0,0,1,0,0,0,1
1,1,0,37.0,0,0,30.5,1,30.5,1,1,0,1,0,1,0,0,0,0,0,0,1,0,0,0,0,0,0,0,1,0,0,0
1,1,1,50.0,0,1,247.5208,2,123.7604,1,2,0,0,0,0,1,0,0,0,0,1,0,0,0,0,0,0,0,0,0,1,0,0
1,3,1,24.0,0,0,7.75,1,7.75,0,1,1,0,0,1,0,0,0,0,0,0,0,0,0,0,0,0,1,1,0,0,0,0
1,3,0,24.0,2,0,23.25,2,11.625,0,3,1,0,0,1,0,0,0,0,0,0,0,0,0,0,0,0,1,0,1,0,0,0
0,3,0,19.0,0,0,0.0,4,0.0,0,1,0,1,0,0,0,1,0,0,0,0,0,0,0,0,0,0,1,0,1,0,0,0
1,2,1,29.0,0,0,23.0,1,23.0,1,1,1,0,0,1,0,0,0,0,0,0,0,0,1,0,0,0,0,1,0,0,0,0
0,3,0,24.0,0,0,8.05,1,8.05,0,1,0,1,0,0,0,0,0,0,0,0,0,0,0,0,0,0,1,0,1,0,0,0
1,1,0,0.92,1,2,151.55,4,37.8875,1,4,0,1,0,1,0,0,0,0,0,0,1,0,0,0,0,0,0,0,0,0,0,1
1,1,1,37.0,0,0,110.8833,4,27.720825,0,1,0,0,0,1,0,0,0,0,0,0,0,0,0,0,0,0,1,1,0,0,0,0
1,1,1,17.0,1,0,108.9,2,54.45,1,2,0,0,0,0,1,0,0,0,0,0,1,0,0,0,0,0,0,0,0,1,0,1
0,2,0,30.0,1,0,24.0,2,12.0,0,2,0,0,0,0,0,1,0,0,0,0,0,0,0,0,0,0,1,0,1,0,0,0
1,1,1,30.0,0,0,56.9292,2,28.4646,1,1,0,0,0,0,1,0,0,0,0,0,0,0,1,0,0,0,0,1,0,0,0,0
1,1,1,24.0,0,0,83.1583,2,41.57915,1,1,0,0,0,1,0,0,0,0,0,0,1,0,0,0,0,0,0,1,0,0,0,0
1,1,1,18.0,2,2,262.375,2,131.1875,1,5,0,0,0,0,1,0,0,0,0,1,0,0,0,0,0,0,0,1,0,0,0,0
0,2,1,26.0,1,1,26.0,1,26.0,0,3,0,1,0,1,0,0,0,0,0,0,0,0,0,0,0,0,1,0,0,1,0,0
0,3,0,28.0,0,0,7.8958,1,7.8958,0,1,0,1,0,1,0,0,0,0,0,0,0,0,0,0,0,0,1,0,1,0,0,0
0,2,0,43.0,1,1,26.25,3,8.75,0,3,0,1,0,0,0,1,0,0,0,0,0,0,0,0,0,0,1,0,1,0,0,0
1,3,1,26.0,0,0,12.475,1,12.475,0,1,0,1,0,1,0,0,0,0,0,0,0,0,0,0,0,0,1,1,0,0,0,0
1,2,1,24.0,1,0,26.0,2,13.0,0,2,0,1,0,1,0,0,0,0,0,0,0,0,0,0,0,0,1,0,0,1,0,0
0,2,0,54.0,0,0,14.0,1,14.0,0,1,0,1,0,1,0,0,0,0,0,0,0,0,0,0,0,0,1,0,0,0,1,0
1,1,1,31.0,0,2,164.8667,2,82.43335,1,3,0,1,0,1,0,0,0,0,0,0,1,0,0,0,0,0,0,1,0,0,0,0
1,1,1,40.0,1,1,134.5,2,67.25,1,3,0,0,0,1,0,0,0,0,0,0,0,0,1,0,0,0,0,0,0,1,0,0
0,3,0,22.0,0,0,7.25,1,7.25,0,1,0,1,0,0,0,0,0,0,0,0,0,0,0,0,0,0,1,0,1,0,0,0
0,3,0,27.0,0,0,7.8958,1,7.8958,0,1,0,1,0,1,0,0,0,0,0,0,0,0,0,0,0,0,1,0,1,0,0,0
1,2,1,30.0,0,0,12.35,1,12.35,0,1,1,0,0,1,0,0,0,0,0,0,0,0,0,0,0,0,1,1,0,0,0,0
1,2,1,22.0,1,1,29.0,2,14.5,0,3,0,1,0,1,0,0,0,0,0,0,0,0,0,0,0,0,1,0,0,1,0,0
0,3,0,24.0,8,2,69.55,7,9.935714285714285,0,11,0,1,1,0,0,0,0,0,0,0,0,0,0,0,0,0,1,0,1,0,0,0
1,1,1,36.0,0,0,135.6333,3,45.211099999999995,1,1,0,0,0,0,1,0,0,0,0,0,1,0,0,0,0,0,0,1,0,0,0,0
0,3,0,61.0,0,0,6.2375,1,6.2375,0,1,0,1,0,1,0,0,0,0,0,0,0,0,0,0,0,0,1,0,1,0,0,0
1,2,1,36.0,0,0,13.0,1,13.0,1,1,0,1,0,1,0,0,0,0,0,0,0,1,0,0,0,0,0,0,0,1,0,0
1,3,1,31.0,1,1,12.475,3,4.158333333333333,0,3,0,1,0,1,0,0,0,0,0,0,0,0,0,0,0,0,1,0,0,1,0,0
1,1,1,16.0,0,1,57.9792,2,28.9896,1,2,0,0,0,1,0,0,0,0,0,1,0,0,0,0,0,0,0,1,0,0,0,1
1,3,1,24.0,2,0,23.25,2,11.625,0,3,1,0,0,1,0,0,0,0,0,0,0,0,0,0,0,0,1,1,0,0,0,0
0,1,0,45.5,0,0,28.5,1,28.5,1,1,0,1,0,1,0,0,0,0,0,0,1,0,0,0,0,0,0,0,1,0,0,0
0,1,0,38.0,0,1,153.4625,3,51.15416666666667,1,2,0,1,0,0,1,0,0,0,0,0,1,0,0,0,0,0,0,0,1,0,0,0
0,3,0,16.0,2,0,18.0,2,9.0,0,3,0,1,0,1,0,0,0,0,0,0,0,0,0,0,0,0,1,0,1,0,0,1
1,1,1,37.0,1,0,133.65,2,66.825,0,2,0,1,0,0,1,0,0,0,0,0,0,0,0,0,0,0,1,0,0,1,0,0
0,3,0,24.0,0,0,7.8958,1,7.8958,0,1,0,1,0,1,0,0,0,0,0,0,0,0,0,0,0,0,1,0,1,0,0,0
0,1,0,29.0,1,0,66.6,2,33.3,1,2,0,1,0,1,0,0,0,0,0,0,1,0,0,0,0,0,0,0,1,0,0,0
1,1,1,41.0,0,0,82.1708,2,41.0854,1,1,0,0,0,1,0,0,0,0,0,0,0,0,1,0,0,0,0,1,0,0,0,0
1,3,0,45.0,0,0,8.05,1,8.05,0,1,0,1,0,1,0,0,0,0,0,0,0,0,0,0,0,0,1,0,1,0,0,0
0,1,0,45.0,0,0,35.5,1,35.5,1,1,0,1,0,1,0,0,0,0,0,0,0,0,0,0,0,1,0,0,1,0,0,0
1,2,0,2.0,1,1,26.0,3,8.666666666666666,1,3,0,1,0,1,0,0,0,0,0,0,0,0,0,1,0,0,0,0,0,0,0,1
1,1,1,24.0,3,2,263.0,4,65.75,1,6,0,1,0,1,0,0,0,0,0,0,1,0,0,0,0,0,0,1,0,0,0,0
0,2,0,28.0,0,0,13.0,1,13.0,0,1,0,1,0,1,0,0,0,0,0,0,0,0,0,0,0,0,1,0,1,0,0,0
0,2,0,25.0,0,0,13.0,1,13.0,0,1,0,1,0,1,0,0,0,0,0,0,0,0,0,0,0,0,1,0,1,0,0,0
0,2,0,36.0,0,0,13.0,1,13.0,0,1,0,1,0,1,0,0,0,0,0,0,0,0,0,0,0,0,1,0,1,0,0,0
1,2,1,24.0,0,0,13.0,1,13.0,1,1,0,1,0,1,0,0,0,0,0,0,0,0,0,1,0,0,0,1,0,0,0,0
1,2,1,40.0,0,0,23.0,1,23.0,0,1,0,1,0,1,0,0,0,0,0,0,0,0,0,0,0,0,1,1,0,0,0,0
1,3,1,24.0,1,0,16.1,1,16.1,0,2,0,1,0,1,0,0,0,0,0,0,0,0,0,0,0,0,1,0,0,1,0,0
1,3,0,3.0,1,1,7.925,2,3.9625,0,3,0,1,1,0,0,0,0,0,0,0,0,0,0,0,0,0,1,0,0,0,0,1
0,3,0,42.0,0,0,8.6625,1,8.6625,0,1,0,1,0,1,0,0,0,0,0,0,0,0,0,0,0,0,1,0,1,0,0,0
0,3,0,23.0,0,0,9.225,1,9.225,0,1,0,1,0,1,0,0,0,0,0,0,0,0,0,0,0,0,1,0,1,0,0,0
0,1,0,37.0,0,0,35.0,1,35.0,1,1,0,1,0,1,0,0,0,0,0,0,1,0,0,0,0,0,0,0,1,0,0,0
0,3,0,15.0,1,1,7.2292,1,7.2292,0,3,0,0,0,1,0,0,0,0,0,0,0,0,0,0,0,0,1,0,1,0,0,1
0,3,0,25.0,1,0,17.8,2,8.9,0,2,0,1,0,1,0,0,0,0,0,0,0,0,0,0,0,0,1,0,1,0,0,0
0,3,0,24.0,0,0,7.225,1,7.225,0,1,0,0,0,1,0,0,0,0,0,0,0,0,0,0,0,0,1,0,1,0,0,0
0,3,0,28.0,0,0,9.5,1,9.5,0,1,0,1,0,1,0,0,0,0,0,0,0,0,0,0,0,0,1,0,1,0,0,0
1,1,1,22.0,0,1,55.0,2,27.5,1,2,0,1,0,1,0,0,0,0,0,0,0,0,1,0,0,0,0,1,0,0,0,0
0,2,1,38.0,0,0,13.0,1,13.0,0,1,0,1,0,1,0,0,0,0,0,0,0,0,0,0,0,0,1,1,0,0,0,0
1,3,1,24.0,0,0,7.8792,1,7.8792,0,1,1,0,0,1,0,0,0,0,0,0,0,0,0,0,0,0,1,1,0,0,0,0
1,3,1,24.0,0,0,7.8792,1,7.8792,0,1,1,0,0,1,0,0,0,0,0,0,0,0,0,0,0,0,1,1,0,0,0,0
0,3,0,40.0,1,4,27.9,6,4.6499999999999995,0,6,0,1,0,1,0,0,0,0,0,0,0,0,0,0,0,0,1,0,1,0,0,0
0,2,0,29.0,1,0,27.7208,1,27.7208,0,2,0,0,0,0,0,1,0,0,0,0,0,0,0,0,0,0,1,0,1,0,0,0
0,3,1,45.0,0,1,14.4542,2,7.2271,0,2,0,0,0,1,0,0,0,0,0,0,0,0,0,0,0,0,1,0,0,1,0,0
0,3,0,35.0,0,0,7.05,1,7.05,0,1,0,1,0,0,0,0,1,0,0,0,0,0,0,0,0,0,1,0,1,0,0,0
0,3,0,24.0,1,0,15.5,2,7.75,0,2,1,0,0,1,0,0,0,0,0,0,0,0,0,0,0,0,1,0,1,0,0,0
0,3,0,30.0,0,0,7.25,1,7.25,0,1,0,1,0,0,0,1,0,0,0,0,0,0,0,0,0,0,1,0,1,0,0,0
1,1,1,60.0,1,0,75.25,1,75.25,1,2,0,0,0,1,0,0,0,0,0,0,0,1,0,0,0,0,0,0,0,1,0,0
1,3,1,24.0,0,0,7.2292,1,7.2292,0,1,0,0,0,1,0,0,0,0,0,0,0,0,0,0,0,0,1,0,0,1,0,0
1,3,1,24.0,0,0,7.75,1,7.75,0,1,1,0,0,1,0,0,0,0,0,0,0,0,0,0,0,0,1,1,0,0,0,0
1,1,1,24.0,0,0,69.3,2,34.65,1,1,0,0,0,0,1,0,0,0,0,1,0,0,0,0,0,0,0,0,0,0,1,0
1,1,0,25.0,1,0,55.4417,1,55.4417,1,2,0,0,0,1,0,0,0,0,0,0,0,0,1,0,0,0,0,0,1,0,0,0
0,3,0,18.0,1,0,6.4958,1,6.4958,0,2,0,1,0,1,0,0,0,0,0,0,0,0,0,0,0,0,1,0,1,0,0,0
0,3,0,19.0,0,0,7.925,1,7.925,0,1,0,1,0,1,0,0,0,0,0,0,0,0,0,0,0,0,1,0,1,0,0,0
0,1,0,22.0,0,0,135.6333,3,45.211099999999995,0,1,0,0,0,0,1,0,0,0,0,0,0,0,0,0,0,0,1,0,1,0,0,0
0,3,1,3.0,3,1,21.075,4,5.26875,0,5,0,1,0,1,0,0,0,0,0,0,0,0,0,0,0,0,1,1,0,0,0,1
1,1,1,37.0,1,0,82.1708,2,41.0854,0,2,0,0,0,0,1,0,0,0,0,0,0,0,0,0,0,0,1,0,0,1,0,0
1,3,1,22.0,0,0,7.25,1,7.25,0,1,0,1,0,0,0,1,0,0,0,0,0,0,0,0,0,0,1,1,0,0,0,0
0,1,0,27.0,0,2,211.5,1,211.5,1,3,0,0,0,1,0,0,0,0,0,0,1,0,0,0,0,0,0,0,1,0,0,0
0,3,0,20.0,0,0,4.0125,1,4.0125,0,1,0,0,0,1,0,0,0,0,0,0,0,0,0,0,0,0,1,0,1,0,0,0
0,3,0,19.0,0,0,7.775,1,7.775,0,1,0,1,0,1,0,0,0,0,0,0,0,0,0,0,0,0,1,0,1,0,0,0
1,1,1,42.0,0,0,227.525,4,56.88125,0,1,0,0,0,0,1,0,0,0,0,0,0,0,0,0,0,0,1,1,0,0,0,0
1,3,1,1.0,0,2,15.7417,2,7.87085,0,3,0,0,0,1,0,0,0,0,0,0,0,0,0,0,0,0,1,1,0,0,0,1
0,3,0,32.0,0,0,7.925,1,7.925,0,1,0,1,0,0,0,0,0,1,0,0,0,0,0,0,0,0,1,0,1,0,0,0
1,1,1,35.0,1,0,52.0,2,26.0,0,2,0,1,0,1,0,0,0,0,0,0,0,0,0,0,0,0,1,0,0,1,0,0
0,3,0,24.0,0,0,7.8958,1,7.8958,0,1,0,1,0,1,0,0,0,0,0,0,0,0,0,0,0,0,1,0,1,0,0,0
0,2,0,18.0,0,0,73.5,5,14.7,0,1,0,1,0,0,0,1,0,0,0,0,0,0,0,0,0,0,1,0,1,0,0,0
0,3,0,1.0,5,2,46.9,6,7.816666666666666,0,8,0,1,1,0,0,0,0,0,0,0,0,0,0,0,0,0,1,0,0,0,0,1
1,2,1,36.0,0,0,13.0,1,13.0,0,1,0,1,0,1,0,0,0,0,0,0,0,0,0,0,0,0,1,1,0,0,0,0
0,3,0,24.0,0,0,7.7292,1,7.7292,0,1,1,0,0,1,0,0,0,0,0,0,0,0,0,0,0,0,1,0,1,0,0,0
1,2,1,17.0,0,0,12.0,1,12.0,0,1,0,0,0,0,0,1,0,0,0,0,0,0,0,0,0,0,1,1,0,0,0,1
1,1,0,36.0,1,2,120.0,4,30.0,1,4,0,1,0,1,0,0,0,0,0,1,0,0,0,0,0,0,0,0,1,0,0,0
1,3,0,21.0,0,0,7.925,1,7.925,0,1,0,1,0,1,0,0,0,0,0,0,0,0,0,0,0,0,1,0,1,0,0,0
0,3,0,28.0,2,0,7.925,1,7.925,0,3,0,1,0,1,0,0,0,0,0,0,0,0,0,0,0,0,1,0,1,0,0,0
1,1,1,23.0,1,0,113.275,3,37.75833333333333,1,2,0,0,0,1,0,0,0,0,0,0,0,1,0,0,0,0,0,1,0,0,0,0
1,3,1,24.0,0,2,16.7,2,8.35,1,3,0,1,0,0,0,1,0,0,0,0,0,0,0,0,1,0,0,0,0,1,0,0
0,3,0,22.0,0,0,7.7958,1,7.7958,0,1,0,1,0,1,0,0,0,0,0,0,0,0,0,0,0,0,1,0,1,0,0,0
0,3,1,31.0,0,0,7.8542,1,7.8542,0,1,0,1,0,1,0,0,0,0,0,0,0,0,0,0,0,0,1,1,0,0,0,0
0,2,0,46.0,0,0,26.0,2,13.0,0,1,0,1,0,1,0,0,0,0,0,0,0,0,0,0,0,0,1,0,1,0,0,0
0,2,0,23.0,0,0,10.5,1,10.5,0,1,0,1,0,1,0,0,0,0,0,0,0,0,0,0,0,0,1,0,0,0,1,0
1,2,1,28.0,0,0,12.65,1,12.65,0,1,0,1,0,1,0,0,0,0,0,0,0,0,0,0,0,0,1,0,0,1,0,0
1,3,0,39.0,0,0,7.925,1,7.925,0,1,0,1,0,0,0,0,0,1,0,0,0,0,0,0,0,0,1,0,1,0,0,0
0,3,0,26.0,0,0,8.05,1,8.05,0,1,0,1,0,1,0,0,0,0,0,0,0,0,0,0,0,0,1,0,1,0,0,0
0,3,1,21.0,1,0,9.825,1,9.825,0,2,0,1,0,1,0,0,0,0,0,0,0,0,0,0,0,0,1,1,0,0,0,0
0,3,0,28.0,1,0,15.85,2,7.925,0,2,0,1,0,0,0,0,0,1,0,0,0,0,0,0,0,0,1,0,1,0,0,0
0,3,1,20.0,0,0,8.6625,1,8.6625,0,1,0,1,0,1,0,0,0,0,0,0,0,0,0,0,0,0,1,1,0,0,0,0
0,2,0,34.0,1,0,21.0,1,21.0,0,2,0,1,0,1,0,0,0,0,0,0,0,0,0,0,0,0,1,0,1,0,0,0
0,3,0,51.0,0,0,7.75,1,7.75,0,1,0,1,0,1,0,0,0,0,0,0,0,0,0,0,0,0,1,0,1,0,0,0
1,2,0,3.0,1,1,18.75,3,6.25,0,3,0,1,0,1,0,0,0,0,0,0,0,0,0,0,0,0,1,0,0,0,0,1
0,3,0,21.0,0,0,7.775,1,7.775,0,1,0,1,0,1,0,0,0,0,0,0,0,0,0,0,0,0,1,0,1,0,0,0
0,3,1,24.0,3,1,25.4667,4,6.366675,0,5,0,1,0,1,0,0,0,0,0,0,0,0,0,0,0,0,1,1,0,0,0,0
0,3,0,24.0,0,0,7.8958,1,7.8958,0,1,0,1,0,1,0,0,0,0,0,0,0,0,0,0,0,0,1,0,1,0,0,0
0,3,0,24.0,0,0,6.8583,1,6.8583,0,1,1,0,0,1,0,0,0,0,0,0,0,0,0,0,0,0,1,0,1,0,0,0
1,1,1,33.0,1,0,90.0,2,45.0,1,2,1,0,0,1,0,0,0,0,0,0,1,0,0,0,0,0,0,1,0,0,0,0
0,2,0,29.0,0,0,0.0,3,0.0,0,1,0,1,0,1,0,0,0,0,0,0,0,0,0,0,0,0,1,0,1,0,0,0
1,3,0,44.0,0,0,7.925,1,7.925,0,1,0,1,0,0,0,0,0,1,0,0,0,0,0,0,0,0,1,0,1,0,0,0
0,3,1,24.0,0,0,8.05,1,8.05,0,1,0,1,0,1,0,0,0,0,0,0,0,0,0,0,0,0,1,0,0,1,0,0
1,2,1,34.0,1,1,32.5,1,32.5,0,3,0,1,0,1,0,0,0,0,0,0,0,0,0,0,0,0,1,0,0,1,0,0
1,2,1,18.0,0,2,13.0,1,13.0,0,3,0,1,0,1,0,0,0,0,0,0,0,0,0,0,0,0,1,1,0,0,0,0
0,2,0,30.0,0,0,13.0,1,13.0,0,1,0,1,0,1,0,0,0,0,0,0,0,0,0,0,0,0,1,0,1,0,0,0
0,3,1,10.0,0,2,24.15,3,8.049999999999999,0,3,0,1,0,1,0,0,0,0,0,0,0,0,0,0,0,0,1,1,0,0,0,1
0,3,0,24.0,0,0,7.8958,1,7.8958,0,1,0,0,0,1,0,0,0,0,0,0,0,0,0,0,0,0,1,0,1,0,0,0
0,3,0,21.0,0,0,7.925,1,7.925,0,1,1,0,0,0,0,0,0,0,0,0,0,0,0,0,0,0,1,0,1,0,0,0
0,3,0,29.0,0,0,7.875,1,7.875,0,1,0,1,0,1,0,0,0,0,0,0,0,0,0,0,0,0,1,0,1,0,0,0
0,3,1,28.0,1,1,14.4,2,7.2,0,3,0,1,0,1,0,0,0,0,0,0,0,0,0,0,0,0,1,0,0,1,0,0
0,3,0,18.0,1,1,20.2125,2,10.10625,0,3,0,1,0,1,0,0,0,0,0,0,0,0,0,0,0,0,1,0,1,0,0,0
0,3,0,24.0,0,0,7.25,1,7.25,0,1,0,1,0,0,0,0,0,0,0,0,0,0,0,0,0,0,1,0,1,0,0,0
1,2,1,28.0,1,0,26.0,1,26.0,0,2,0,1,0,1,0,0,0,0,0,0,0,0,0,0,0,0,1,0,0,1,0,0
1,2,1,19.0,0,0,26.0,2,13.0,0,1,0,1,0,1,0,0,0,0,0,0,0,0,0,0,0,0,1,1,0,0,0,0
0,3,0,24.0,0,0,7.75,1,7.75,0,1,1,0,0,1,0,0,0,0,0,0,0,0,0,0,0,0,1,0,1,0,0,0
1,3,0,32.0,0,0,7.925,1,7.925,1,1,0,1,0,0,0,0,1,0,0,0,0,0,1,0,0,0,0,0,1,0,0,0
1,1,0,28.0,0,0,26.55,1,26.55,1,1,0,1,0,1,0,0,0,0,0,0,1,0,0,0,0,0,0,0,1,0,0,0
1,3,1,24.0,1,0,12.475,2,6.2375,0,2,0,1,0,1,0,0,0,0,0,0,0,0,0,0,0,0,1,0,0,1,0,0
1,2,1,42.0,1,0,26.0,1,26.0,0,2,0,1,0,0,0,1,0,0,0,0,0,0,0,0,0,0,1,0,0,1,0,0
0,3,0,17.0,0,0,7.125,1,7.125,0,1,0,1,0,0,0,0,0,1,0,0,0,0,0,0,0,0,1,0,1,0,0,1
0,1,0,50.0,1,0,55.9,2,27.95,1,2,0,1,0,1,0,0,0,0,0,0,0,0,1,0,0,0,0,0,1,0,0,0
1,1,1,14.0,1,2,120.0,4,30.0,1,4,0,1,0,1,0,0,0,0,0,1,0,0,0,0,0,0,0,1,0,0,0,1
0,3,1,21.0,2,2,34.375,4,8.59375,0,5,0,1,0,0,0,0,0,0,1,0,0,0,0,0,0,0,1,1,0,0,0,0
1,2,1,24.0,2,3,23.0,3,7.666666666666667,0,6,0,1,0,1,0,0,0,0,0,0,0,0,0,0,0,0,1,0,0,1,0,0
0,1,0,64.0,1,4,263.0,4,65.75,1,6,0,1,0,1,0,0,0,0,0,0,1,0,0,0,0,0,0,0,1,0,0,0
0,2,0,31.0,0,0,10.5,1,10.5,0,1,0,1,1,0,0,0,0,0,0,0,0,0,0,0,0,0,1,0,1,0,0,0
1,2,1,45.0,1,1,26.25,3,8.75,0,3,0,1,0,0,0,1,0,0,0,0,0,0,0,0,0,0,1,0,0,1,0,0
0,3,0,20.0,0,0,7.925,1,7.925,0,1,0,1,0,1,0,0,0,0,0,0,0,0,0,0,0,0,1,0,1,0,0,0
0,3,0,25.0,1,0,7.775,1,7.775,0,2,0,1,0,1,0,0,0,0,0,0,0,0,0,0,0,0,1,0,1,0,0,0
1,2,1,28.0,0,0,13.0,1,13.0,0,1,0,1,0,1,0,0,0,0,0,0,0,0,0,0,0,0,1,0,0,0,1,0
1,3,0,24.0,0,0,7.925,1,7.925,0,1,0,1,0,1,0,0,0,0,0,0,0,0,0,0,0,0,1,0,1,0,0,0
1,1,0,4.0,0,2,81.8583,1,81.8583,1,3,0,1,0,1,0,0,0,0,0,0,0,0,0,0,0,0,0,0,0,0,0,1
1,2,1,13.0,0,1,19.5,2,9.75,0,2,0,1,0,1,0,0,0,0,0,0,0,0,0,0,0,0,1,1,0,0,0,1
1,1,0,34.0,0,0,40.125,1,40.125,0,1,0,1,0,1,0,0,0,0,0,0,0,0,0,0,0,0,1,0,1,0,0,0
1,3,1,5.0,2,1,19.2583,4,4.814575,0,4,0,0,0,1,0,0,0,0,0,0,0,0,0,0,0,0,1,1,0,0,0,1
1,1,0,52.0,0,0,30.5,1,30.5,1,1,0,1,0,1,0,0,0,0,0,0,1,0,0,0,0,0,0,0,0,0,1,0
0,2,0,36.0,1,2,27.75,3,9.25,0,4,0,1,1,0,0,0,0,0,0,0,0,0,0,0,0,0,1,0,1,0,0,0
0,3,0,24.0,1,0,19.9667,1,19.9667,0,2,0,1,0,1,0,0,0,0,0,0,0,0,0,0,0,0,1,0,1,0,0,0
0,1,0,30.0,0,0,27.75,1,27.75,1,1,0,0,0,1,0,0,0,0,0,0,1,0,0,0,0,0,0,0,1,0,0,0
1,1,0,49.0,1,0,89.1042,2,44.5521,1,2,0,0,0,1,0,0,0,0,0,0,1,0,0,0,0,0,0,0,1,0,0,0
0,3,0,24.0,0,0,8.05,1,8.05,0,1,0,1,0,0,0,0,0,0,0,0,0,0,0,0,0,0,1,0,1,0,0,0
1,3,0,29.0,0,0,7.8958,1,7.8958,0,1,0,0,0,1,0,0,0,0,0,0,0,0,0,0,0,0,1,0,1,0,0,0
0,1,0,65.0,0,0,26.55,1,26.55,1,1,0,1,0,1,0,0,0,0,0,0,0,0,1,0,0,0,0,0,1,0,0,0
1,1,1,37.0,1,0,51.8625,1,51.8625,1,2,0,1,0,1,0,0,0,0,0,0,0,1,0,0,0,0,0,0,0,1,0,0
1,2,1,50.0,0,0,10.5,1,10.5,0,1,0,1,0,0,0,1,0,0,0,0,0,0,0,0,0,0,1,1,0,0,0,0
0,3,0,24.0,0,0,7.75,1,7.75,0,1,1,0,0,1,0,0,0,0,0,0,0,0,0,0,0,0,1,0,1,0,0,0
1,1,0,48.0,0,0,26.55,1,26.55,1,1,0,1,0,1,0,0,0,0,0,0,0,0,1,0,0,0,0,0,1,0,0,0
0,3,0,34.0,0,0,8.05,1,8.05,0,1,0,1,0,1,0,0,0,0,0,0,0,0,0,0,0,0,1,0,1,0,0,0
0,1,0,47.0,0,0,38.5,1,38.5,1,1,0,1,0,1,0,0,0,0,0,0,0,0,1,0,0,0,0,0,1,0,0,0
0,2,0,48.0,0,0,13.0,1,13.0,0,1,0,1,0,1,0,0,0,0,0,0,0,0,0,0,0,0,1,0,1,0,0,0
0,3,0,24.0,0,0,8.05,1,8.05,0,1,0,1,0,0,0,1,0,0,0,0,0,0,0,0,0,0,1,0,1,0,0,0
0,3,0,38.0,0,0,7.05,1,7.05,0,1,0,1,0,0,0,0,1,0,0,0,0,0,0,0,0,0,1,0,1,0,0,0
0,2,0,29.0,0,0,0.0,3,0.0,0,1,0,1,0,1,0,0,0,0,0,0,0,0,0,0,0,0,1,0,1,0,0,0
0,1,0,56.0,0,0,26.55,1,26.55,0,1,0,1,0,1,0,0,0,0,0,0,0,0,0,0,0,0,1,0,1,0,0,0
0,3,0,24.0,0,0,7.725,1,7.725,0,1,1,0,0,1,0,0,0,0,0,0,0,0,0,0,0,0,1,0,1,0,0,0
1,3,1,0.75,2,1,19.2583,4,4.814575,0,4,0,0,0,1,0,0,0,0,0,0,0,0,0,0,0,0,1,1,0,0,0,1
0,3,0,24.0,0,0,7.25,1,7.25,0,1,0,1,0,1,0,0,0,0,0,0,0,0,0,0,0,0,1,0,1,0,0,0
0,3,0,38.0,0,0,8.6625,1,8.6625,0,1,0,1,0,1,0,0,0,0,0,0,0,0,0,0,0,0,1,0,1,0,0,0
1,2,1,33.0,1,2,27.75,3,9.25,0,4,0,1,1,0,0,0,0,0,0,0,0,0,0,0,0,0,1,0,0,1,0,0
1,2,1,23.0,0,0,13.7917,1,13.7917,1,1,0,0,0,0,0,1,0,0,0,0,0,1,0,0,0,0,0,0,0,1,0,0
0,3,1,22.0,0,0,9.8375,1,9.8375,0,1,0,1,0,1,0,0,0,0,0,0,0,0,0,0,0,0,1,1,0,0,0,0
0,1,0,37.0,0,0,52.0,2,26.0,1,1,0,1,0,1,0,0,0,0,0,0,0,0,0,0,0,0,0,0,1,0,0,0
0,2,0,34.0,1,0,21.0,2,10.5,0,2,0,1,0,1,0,0,0,0,0,0,0,0,0,0,0,0,1,0,1,0,0,0
0,3,0,29.0,1,0,7.925,1,7.925,0,2,0,1,0,1,0,0,0,0,0,0,0,0,0,0,0,0,1,0,1,0,0,0
0,3,0,22.0,0,0,7.5208,1,7.5208,0,1,0,1,0,1,0,0,0,0,0,0,0,0,0,0,0,0,1,0,1,0,0,0
1,3,1,2.0,0,1,12.2875,1,12.2875,0,2,0,1,0,1,0,0,0,0,0,0,0,0,0,0,0,0,1,1,0,0,0,1
0,3,0,9.0,5,2,46.9,6,7.816666666666666,0,8,0,1,1,0,0,0,0,0,0,0,0,0,0,0,0,0,1,0,0,0,0,1
0,2,0,29.0,0,0,0.0,1,0.0,0,1,0,1,0,1,0,0,0,0,0,0,0,0,0,0,0,0,1,0,1,0,0,0
0,3,0,50.0,0,0,8.05,1,8.05,0,1,0,1,0,0,0,0,0,0,0,0,0,0,0,0,0,0,1,0,1,0,0,0
1,3,1,63.0,0,0,12.475,1,12.475,0,1,0,1,0,1,0,0,0,0,0,0,0,0,0,0,0,0,1,0,0,1,0,0
1,1,0,25.0,1,0,91.0792,2,45.5396,1,2,0,0,0,1,0,0,0,0,0,1,0,0,0,0,0,0,0,0,1,0,0,0
0,3,1,24.0,3,1,25.4667,4,6.366675,0,5,0,1,0,1,0,0,0,0,0,0,0,0,0,0,0,0,1,1,0,0,0,0
1,1,1,35.0,1,0,90.0,2,45.0,1,2,0,1,0,1,0,0,0,0,0,0,1,0,0,0,0,0,0,0,0,1,0,0
0,1,0,58.0,0,0,29.7,1,29.7,1,1,0,0,0,1,0,0,0,0,0,1,0,0,0,0,0,0,0,0,1,0,0,0
0,3,0,30.0,0,0,8.05,1,8.05,0,1,0,1,0,0,0,0,0,0,0,0,0,0,0,0,0,0,1,0,1,0,0,0
1,3,0,9.0,1,1,15.9,2,7.95,0,3,0,1,1,0,0,0,0,0,0,0,0,0,0,0,0,0,1,0,0,0,0,1
0,3,0,24.0,1,0,19.9667,1,19.9667,0,2,0,1,0,1,0,0,0,0,0,0,0,0,0,0,0,0,1,0,1,0,0,0
0,3,0,21.0,0,0,7.25,1,7.25,0,1,0,1,0,0,0,0,1,0,0,0,0,0,0,0,0,0,1,0,1,0,0,0
0,1,0,55.0,0,0,30.5,1,30.5,1,1,0,1,0,1,0,0,0,0,0,0,1,0,0,0,0,0,0,0,1,0,0,0
0,1,0,71.0,0,0,49.5042,1,49.5042,0,1,0,0,0,0,1,0,0,0,0,0,0,0,0,0,0,0,1,0,1,0,0,0
0,3,0,21.0,0,0,8.05,1,8.05,0,1,0,1,0,0,0,0,0,0,0,0,0,0,0,0,0,0,1,0,1,0,0,0
0,3,0,24.0,0,0,7.925,2,3.9625,0,1,0,0,0,1,0,0,0,0,0,0,0,0,0,0,0,0,1,0,1,0,0,0
1,1,1,54.0,1,0,78.2667,2,39.13335,1,2,0,0,0,1,0,0,0,0,0,0,0,1,0,0,0,0,0,1,0,0,0,0
0,3,0,24.0,0,0,15.1,1,15.1,0,1,0,1,1,0,0,0,0,0,0,0,0,0,0,0,0,0,1,0,1,0,0,0
0,1,1,25.0,1,2,82.1708,4,20.5427,1,4,0,1,0,1,0,0,0,0,0,0,1,0,0,0,0,0,0,0,0,1,0,0
0,3,0,24.0,0,0,7.7958,1,7.7958,0,1,0,1,0,1,0,0,0,0,0,0,0,0,0,0,0,0,1,0,1,0,0,0
0,3,0,17.0,0,0,8.6625,1,8.6625,0,1,0,1,0,1,0,0,0,0,0,0,0,0,0,0,0,0,1,0,1,0,0,1
0,3,1,21.0,0,0,7.75,1,7.75,0,1,1,0,0,1,0,0,0,0,0,0,0,0,0,0,0,0,1,1,0,0,0,0
0,3,1,24.0,0,0,7.6292,1,7.6292,0,1,1,0,0,1,0,0,0,0,0,0,0,0,0,0,0,0,1,1,0,0,0,0
0,3,1,37.0,0,0,9.5875,1,9.5875,0,1,0,1,0,1,0,0,0,0,0,0,0,0,0,0,0,0,1,1,0,0,0,0
1,1,1,16.0,0,0,86.5,3,28.833333333333332,1,1,0,1,0,1,0,0,0,0,0,1,0,0,0,0,0,0,0,1,0,0,0,1
0,1,0,18.0,1,0,108.9,2,54.45,1,2,0,0,0,0,1,0,0,0,0,0,1,0,0,0,0,0,0,0,1,0,0,0
1,2,1,33.0,0,2,23.0,2,11.5,0,3,0,1,0,1,0,0,0,0,0,0,0,0,0,0,0,0,1,0,0,1,0,0
1,1,0,37.0,0,0,26.55,1,26.55,0,1,0,1,0,1,0,0,0,0,0,0,0,0,0,0,0,0,1,0,1,0,0,0
0,3,0,28.0,0,0,22.525,1,22.525,0,1,0,1,0,0,0,1,0,0,0,0,0,0,0,0,0,0,1,0,1,0,0,0
1,3,0,26.0,0,0,56.4958,7,8.070828571428573,0,1,0,1,0,1,0,0,0,0,0,0,0,0,0,0,0,0,1,0,1,0,0,0
1,3,0,29.0,0,0,7.75,1,7.75,0,1,1,0,0,1,0,0,0,0,0,0,0,0,0,0,0,0,1,0,1,0,0,0
0,3,0,24.0,0,0,8.05,1,8.05,0,1,0,1,0,0,0,0,1,0,0,0,0,0,0,0,0,0,1,0,1,0,0,0
1,1,0,36.0,0,0,26.2875,1,26.2875,1,1,0,1,0,0,1,0,0,0,0,0,0,0,1,0,0,0,0,0,1,0,0,0
1,1,1,54.0,1,0,59.4,1,59.4,0,2,0,0,0,0,1,0,0,0,0,0,0,0,0,0,0,0,1,0,0,1,0,0
0,3,0,24.0,0,0,7.4958,1,7.4958,0,1,0,1,0,1,0,0,0,0,0,0,0,0,0,0,0,0,1,0,1,0,0,0
0,1,0,47.0,0,0,34.0208,1,34.0208,1,1,0,1,0,1,0,0,0,0,0,0,0,1,0,0,0,0,0,0,1,0,0,0
1,2,1,34.0,0,0,23.0,1,23.0,1,1,0,1,1,0,0,0,0,0,0,0,0,0,0,1,0,0,0,0,0,1,0,0
0,3,0,24.0,0,0,24.15,3,8.049999999999999,0,1,1,0,0,1,0,0,0,0,0,0,0,0,0,0,0,0,1,0,1,0,0,0
1,2,1,36.0,1,0,26.0,1,26.0,0,2,0,1,0,1,0,0,0,0,0,0,0,0,0,0,0,0,1,0,0,1,0,0
0,3,0,32.0,0,0,7.8958,1,7.8958,0,1,0,1,0,1,0,0,0,0,0,0,0,0,0,0,0,0,1,0,1,0,0,0
1,1,1,30.0,0,0,93.5,2,46.75,1,1,0,1,0,1,0,0,0,0,0,1,0,0,0,0,0,0,0,1,0,0,0,0
0,3,0,22.0,0,0,7.8958,1,7.8958,0,1,0,1,0,1,0,0,0,0,0,0,0,0,0,0,0,0,1,0,1,0,0,0
0,3,0,24.0,0,0,7.225,1,7.225,0,1,0,0,0,1,0,0,0,0,0,0,0,0,0,0,0,0,1,0,1,0,0,0
1,1,1,44.0,0,1,57.9792,2,28.9896,1,2,0,0,0,1,0,0,0,0,0,1,0,0,0,0,0,0,0,0,0,1,0,0
0,3,0,24.0,0,0,7.2292,1,7.2292,0,1,0,0,0,1,0,0,0,0,0,0,0,0,0,0,0,0,1,0,1,0,0,0
0,3,0,40.5,0,0,7.75,1,7.75,0,1,1,0,0,1,0,0,0,0,0,0,0,0,0,0,0,0,1,0,1,0,0,0
1,2,1,50.0,0,0,10.5,1,10.5,0,1,0,1,0,0,0,0,0,0,1,0,0,0,0,0,0,0,1,1,0,0,0,0
0,1,0,37.0,0,0,221.7792,1,221.7792,1,1,0,1,0,0,1,0,0,0,0,0,1,0,0,0,0,0,0,0,1,0,0,0
0,3,0,39.0,0,0,7.925,1,7.925,0,1,0,1,0,1,0,0,0,0,0,0,0,0,0,0,0,0,1,0,1,0,0,0
0,2,0,23.0,2,1,11.5,1,11.5,0,4,0,1,0,1,0,0,0,0,0,0,0,0,0,0,0,0,1,0,1,0,0,0
1,2,1,2.0,1,1,26.0,2,13.0,0,3,0,1,0,1,0,0,0,0,0,0,0,0,0,0,0,0,1,1,0,0,0,1
0,3,0,24.0,0,0,7.2292,1,7.2292,0,1,0,0,0,1,0,0,0,0,0,0,0,0,0,0,0,0,1,0,1,0,0,0
0,3,0,17.0,1,1,7.2292,1,7.2292,0,3,0,0,0,1,0,0,0,0,0,0,0,0,0,0,0,0,1,0,1,0,0,1
1,3,1,24.0,0,2,22.3583,2,11.17915,0,3,0,0,0,1,0,0,0,0,0,0,0,0,0,0,0,0,1,0,0,1,0,0
0,3,1,30.0,0,0,8.6625,1,8.6625,0,1,0,1,0,1,0,0,0,0,0,0,0,0,0,0,0,0,1,1,0,0,0,0
1,2,1,7.0,0,2,26.25,3,8.75,0,3,0,1,0,0,0,1,0,0,0,0,0,0,0,0,0,0,1,1,0,0,0,1
0,1,0,45.0,0,0,40.125,1,40.125,1,1,0,1,0,1,0,0,0,0,0,1,0,0,0,0,0,0,0,0,0,0,1,0
1,1,1,30.0,0,0,82.1708,2,41.0854,0,1,0,0,0,0,1,0,0,0,0,0,0,0,0,0,0,0,1,1,0,0,0,0
0,3,0,24.0,0,0,14.5,1,14.5,0,1,0,1,0,1,0,0,0,0,0,0,0,0,0,0,0,0,1,0,1,0,0,0
1,1,1,22.0,0,2,49.5,1,49.5,1,3,0,0,0,1,0,0,0,0,0,1,0,0,0,0,0,0,0,1,0,0,0,0
1,1,1,36.0,0,2,71.0,2,35.5,1,3,0,1,0,0,0,1,0,0,0,1,0,0,0,0,0,0,0,1,0,0,0,0
0,3,1,9.0,4,2,31.275,7,4.4678571428571425,0,7,0,1,0,1,0,0,0,0,0,0,0,0,0,0,0,0,1,1,0,0,0,1
0,3,1,11.0,4,2,31.275,7,4.4678571428571425,0,7,0,1,0,1,0,0,0,0,0,0,0,0,0,0,0,0,1,1,0,0,0,1
1,2,0,32.0,1,0,26.0,2,13.0,0,2,0,1,0,1,0,0,0,0,0,0,0,0,0,0,0,0,1,0,1,0,0,0
0,1,0,50.0,1,0,106.425,2,53.2125,1,2,0,0,0,0,1,0,0,0,0,0,1,0,0,0,0,0,0,0,1,0,0,0
0,1,0,64.0,0,0,26.0,1,26.0,0,1,0,1,0,1,0,0,0,0,0,0,0,0,0,0,0,0,1,0,1,0,0,0
1,2,1,19.0,1,0,26.0,2,13.0,0,2,0,1,0,1,0,0,0,0,0,0,0,0,0,0,0,0,1,0,0,1,0,0
1,2,0,29.0,0,0,13.8625,1,13.8625,0,1,0,0,0,0,0,1,0,0,0,0,0,0,0,0,0,0,1,0,1,0,0,0
0,3,0,33.0,1,1,20.525,3,6.841666666666666,0,3,0,1,0,1,0,0,0,0,0,0,0,0,0,0,0,0,1,0,1,0,0,0
1,2,0,8.0,1,1,36.75,2,18.375,0,3,0,1,1,0,0,0,0,0,0,0,0,0,0,0,0,0,1,0,0,0,0,1
1,1,0,17.0,0,2,110.8833,4,27.720825,1,3,0,0,0,1,0,0,0,0,0,0,1,0,0,0,0,0,0,0,1,0,0,1
0,2,0,27.0,0,0,26.0,1,26.0,0,1,0,1,0,1,0,0,0,0,0,0,0,0,0,0,0,0,1,0,1,0,0,0
0,3,0,24.0,0,0,7.8292,1,7.8292,0,1,1,0,0,1,0,0,0,0,0,0,0,0,0,0,0,0,1,0,1,0,0,0
1,3,0,22.0,0,0,7.225,1,7.225,0,1,0,0,0,1,0,0,0,0,0,0,0,0,0,0,0,0,1,0,1,0,0,0
1,3,1,22.0,0,0,7.775,1,7.775,0,1,0,1,0,1,0,0,0,0,0,0,0,0,0,0,0,0,1,1,0,0,0,0
0,1,0,62.0,0,0,26.55,1,26.55,0,1,0,1,0,1,0,0,0,0,0,0,0,0,0,0,0,0,1,0,1,0,0,0
1,1,1,48.0,1,0,39.6,1,39.6,1,2,0,0,0,1,0,0,0,0,0,0,0,0,0,0,0,0,0,0,0,0,1,0
0,1,0,37.0,0,0,227.525,4,56.88125,0,1,0,0,0,0,1,0,0,0,0,0,0,0,0,0,0,0,1,0,1,0,0,0
1,1,1,39.0,1,1,79.65,3,26.55,1,3,0,1,0,1,0,0,0,0,0,0,0,0,1,0,0,0,0,0,0,1,0,0
1,3,1,36.0,1,0,17.4,1,17.4,0,2,0,1,0,1,0,0,0,0,0,0,0,0,0,0,0,0,1,0,0,1,0,0
0,3,0,24.0,0,0,7.75,1,7.75,0,1,1,0,0,1,0,0,0,0,0,0,0,0,0,0,0,0,1,0,1,0,0,0
0,3,0,40.0,0,0,7.925,1,7.925,0,1,0,1,0,1,0,0,0,0,0,0,0,0,0,0,0,0,1,0,1,0,0,0
0,2,0,28.0,0,0,13.5,1,13.5,0,1,0,1,0,1,0,0,0,0,0,0,0,0,0,0,0,0,1,0,1,0,0,0
0,3,0,24.0,0,0,8.05,1,8.05,0,1,0,1,0,0,0,0,1,0,0,0,0,0,0,0,0,0,1,0,1,0,0,0
0,3,1,24.0,0,0,8.05,1,8.05,0,1,0,1,0,0,0,0,1,0,0,0,0,0,0,0,0,0,1,1,0,0,0,0
0,3,0,24.0,2,0,24.15,2,12.075,0,3,0,1,0,0,0,0,0,0,0,0,0,0,0,0,0,0,1,0,1,0,0,0
0,3,0,19.0,0,0,7.8958,1,7.8958,0,1,0,1,0,1,0,0,0,0,0,0,0,0,0,0,0,0,1,0,1,0,0,0
0,3,1,29.0,0,4,21.075,4,5.26875,0,5,0,1,0,1,0,0,0,0,0,0,0,0,0,0,0,0,1,0,0,1,0,0
0,3,0,24.0,0,0,7.2292,1,7.2292,0,1,0,0,0,1,0,0,0,0,0,0,0,0,0,0,0,0,1,0,1,0,0,0
1,3,0,32.0,0,0,7.8542,1,7.8542,0,1,0,1,0,1,0,0,0,0,0,0,0,0,0,0,0,0,1,0,1,0,0,0
1,2,0,62.0,0,0,10.5,1,10.5,0,1,0,1,0,0,0,1,0,0,0,0,0,0,0,0,0,0,1,0,1,0,0,0
1,1,1,53.0,2,0,51.4792,1,51.4792,1,3,0,1,0,1,0,0,0,0,0,0,1,0,0,0,0,0,0,0,0,1,0,0
1,1,0,36.0,0,0,26.3875,1,26.3875,1,1,0,1,0,0,1,0,0,0,0,0,0,0,1,0,0,0,0,0,1,0,0,0
1,3,1,24.0,0,0,7.75,1,7.75,0,1,1,0,0,1,0,0,0,0,0,0,0,0,0,0,0,0,1,1,0,0,0,0
0,3,0,16.0,0,0,8.05,1,8.05,0,1,0,1,0,0,0,0,0,0,0,0,0,0,0,0,0,0,1,0,1,0,0,1
0,3,0,19.0,0,0,7.925,2,3.9625,0,1,0,1,0,1,0,0,0,0,0,0,0,0,0,0,0,0,1,0,1,0,0,0
1,2,1,34.0,0,0,13.0,1,13.0,0,1,0,1,0,1,0,0,0,0,0,0,0,0,0,0,0,0,1,1,0,0,0,0
1,1,1,39.0,1,0,55.9,2,27.95,1,2,0,1,0,1,0,0,0,0,0,0,0,0,1,0,0,0,0,0,0,1,0,0
0,3,1,24.0,1,0,14.4583,1,14.4583,0,2,0,0,0,1,0,0,0,0,0,0,0,0,0,0,0,0,1,0,0,1,0,0
1,3,0,32.0,0,0,7.925,1,7.925,0,1,0,1,0,0,0,0,0,1,0,0,0,0,0,0,0,0,1,0,1,0,0,0
1,2,1,25.0,1,1,30.0,1,30.0,0,3,0,1,0,1,0,0,0,0,0,0,0,0,0,0,0,0,1,1,0,0,0,0
1,1,1,39.0,1,1,110.8833,4,27.720825,1,3,0,0,0,1,0,0,0,0,0,0,1,0,0,0,0,0,0,0,0,1,0,0
0,2,0,54.0,0,0,26.0,2,13.0,0,1,0,1,0,1,0,0,0,0,0,0,0,0,0,0,0,0,1,0,1,0,0,0
0,1,0,36.0,0,0,40.125,1,40.125,1,1,0,0,0,1,0,0,0,0,0,0,0,0,0,0,0,0,0,0,1,0,0,0
0,3,0,24.0,0,0,8.7125,1,8.7125,0,1,0,0,0,1,0,0,0,0,0,0,0,0,0,0,0,0,1,0,1,0,0,0
1,1,1,18.0,0,2,79.65,3,26.55,1,3,0,1,0,1,0,0,0,0,0,0,0,0,1,0,0,0,0,1,0,0,0,0
0,2,0,47.0,0,0,15.0,1,15.0,0,1,0,1,0,1,0,0,0,0,0,0,0,0,0,0,0,0,1,0,1,0,0,0
1,1,0,60.0,1,1,79.2,1,79.2,1,3,0,0,0,1,0,0,0,0,0,1,0,0,0,0,0,0,0,0,1,0,0,0
0,3,0,22.0,0,0,8.05,1,8.05,0,1,0,1,0,1,0,0,0,0,0,0,0,0,0,0,0,0,1,0,1,0,0,0
0,3,0,24.0,0,0,8.05,1,8.05,0,1,0,1,0,0,0,0,0,0,0,0,0,0,0,0,0,0,1,0,1,0,0,0
0,3,0,35.0,0,0,7.125,1,7.125,0,1,0,1,0,0,0,0,0,1,0,0,0,0,0,0,0,0,1,0,1,0,0,0
1,1,1,52.0,1,0,78.2667,2,39.13335,1,2,0,0,0,1,0,0,0,0,0,0,0,1,0,0,0,0,0,0,0,1,0,0
0,3,0,47.0,0,0,7.925,1,7.925,0,1,0,1,0,0,0,0,0,0,0,0,0,0,0,0,0,0,1,0,1,0,0,0
0,3,1,24.0,0,2,12.475,1,12.475,0,3,1,0,0,1,0,0,0,0,0,0,0,0,0,0,0,0,1,1,0,0,0,0
0,2,0,37.0,1,0,26.0,1,26.0,0,2,0,1,0,0,0,1,0,0,0,0,0,0,0,0,0,0,1,0,1,0,0,0
0,3,0,36.0,1,1,24.15,3,8.049999999999999,0,3,0,1,0,1,0,0,0,0,0,0,0,0,0,0,0,0,1,0,1,0,0,0
1,2,1,29.0,0,0,33.0,3,11.0,0,1,0,1,0,1,0,0,0,0,0,0,0,0,0,0,0,0,1,1,0,0,0,0
0,3,0,49.0,0,0,0.0,4,0.0,0,1,0,1,0,0,0,1,0,0,0,0,0,0,0,0,0,0,1,0,1,0,0,0
0,3,0,24.0,0,0,7.225,1,7.225,0,1,0,0,0,1,0,0,0,0,0,0,0,0,0,0,0,0,1,0,1,0,0,0
1,1,0,49.0,1,0,56.9292,2,28.4646,1,2,0,0,0,0,1,0,0,0,0,0,0,0,0,0,0,0,0,0,0,0,1,0
1,2,1,24.0,2,1,27.0,2,13.5,0,4,0,1,0,1,0,0,0,0,0,0,0,0,0,0,0,0,1,0,0,1,0,0
0,3,0,24.0,0,0,7.8958,1,7.8958,0,1,0,1,0,1,0,0,0,0,0,0,0,0,0,0,0,0,1,0,1,0,0,0
0,1,0,37.0,0,0,42.4,1,42.4,0,1,0,1,0,1,0,0,0,0,0,0,0,0,0,0,0,0,1,0,1,0,0,0
0,3,0,44.0,0,0,8.05,1,8.05,0,1,0,1,0,1,0,0,0,0,0,0,0,0,0,0,0,0,1,0,1,0,0,0
1,1,0,35.0,0,0,26.55,1,26.55,0,1,0,0,0,1,0,0,0,0,0,0,0,0,0,0,0,0,1,0,1,0,0,0
0,3,0,36.0,1,0,15.55,1,15.55,0,2,0,1,0,1,0,0,0,0,0,0,0,0,0,0,0,0,1,0,1,0,0,0
0,3,0,30.0,0,0,7.8958,1,7.8958,0,1,0,1,0,1,0,0,0,0,0,0,0,0,0,0,0,0,1,0,1,0,0,0
1,1,0,27.0,0,0,30.5,1,30.5,0,1,0,1,0,1,0,0,0,0,0,0,0,0,0,0,0,0,1,0,1,0,0,0
1,2,1,22.0,1,2,41.5792,3,13.859733333333333,0,4,0,0,0,0,0,1,0,0,0,0,0,0,0,0,0,0,1,0,0,1,0,0
1,1,1,40.0,0,0,153.4625,3,51.15416666666667,1,1,0,1,0,0,1,0,0,0,0,0,1,0,0,0,0,0,0,1,0,0,0,0
0,3,1,39.0,1,5,31.275,7,4.4678571428571425,0,7,0,1,0,1,0,0,0,0,0,0,0,0,0,0,0,0,1,0,0,1,0,0
0,3,0,24.0,0,0,7.05,1,7.05,0,1,0,1,0,0,0,0,1,0,0,0,0,0,0,0,0,0,1,0,1,0,0,0
1,3,1,24.0,1,0,15.5,2,7.75,0,2,1,0,0,1,0,0,0,0,0,0,0,0,0,0,0,0,1,1,0,0,0,0
0,3,0,24.0,0,0,7.925,1,7.925,0,1,1,0,0,1,0,0,0,0,0,0,0,0,0,0,0,0,1,0,1,0,0,0
0,3,0,35.0,0,0,8.05,1,8.05,0,1,0,1,0,1,0,0,0,0,0,0,0,0,0,0,0,0,1,0,1,0,0,0
1,2,1,24.0,1,2,65.0,2,32.5,0,4,0,1,0,1,0,0,0,0,0,0,0,0,0,0,0,0,1,1,0,0,0,0
0,3,0,34.0,1,1,14.4,2,7.2,0,3,0,1,0,1,0,0,0,0,0,0,0,0,0,0,0,0,1,0,1,0,0,0
0,3,1,26.0,1,0,16.1,2,8.05,0,2,0,1,0,0,0,0,0,0,0,0,0,0,0,0,0,0,1,0,0,1,0,0
1,2,1,4.0,2,1,39.0,2,19.5,1,4,0,1,0,1,0,0,0,0,0,0,0,0,0,1,0,0,0,1,0,0,0,1
0,2,0,26.0,0,0,10.5,1,10.5,0,1,0,1,0,1,0,0,0,0,0,0,0,0,0,0,0,0,1,0,1,0,0,0
0,3,0,27.0,1,0,14.4542,2,7.2271,0,2,0,0,0,1,0,0,0,0,0,0,0,0,0,0,0,0,1,0,1,0,0,0
1,1,0,42.0,1,0,40.125,1,40.125,1,2,0,1,0,1,0,0,0,0,0,0,0,1,0,0,0,0,0,0,1,0,0,0
1,3,0,20.0,1,1,7.925,2,3.9625,0,3,0,0,0,1,0,0,0,0,0,0,0,0,0,0,0,0,1,0,1,0,0,0
0,3,0,21.0,0,0,7.8542,1,7.8542,0,1,0,1,0,1,0,0,0,0,0,0,0,0,0,0,0,0,1,0,1,0,0,0
0,3,0,21.0,0,0,7.925,2,3.9625,0,1,0,1,0,1,0,0,0,0,0,0,0,0,0,0,0,0,1,0,1,0,0,0
0,1,0,61.0,0,0,32.3208,1,32.3208,1,1,0,1,0,1,0,0,0,0,0,0,0,1,0,0,0,0,0,0,1,0,0,0
0,2,0,57.0,0,0,12.35,1,12.35,0,1,1,0,0,1,0,0,0,0,0,0,0,0,0,0,0,0,1,0,0,0,1,0
1,1,1,21.0,0,0,77.9583,3,25.986099999999997,1,1,0,1,0,1,0,0,0,0,0,0,0,1,0,0,0,0,0,1,0,0,0,0
0,3,0,26.0,0,0,7.8958,1,7.8958,0,1,0,1,0,1,0,0,0,0,0,0,0,0,0,0,0,0,1,0,1,0,0,0
0,3,0,24.0,0,0,7.7333,1,7.7333,0,1,1,0,0,1,0,0,0,0,0,0,0,0,0,0,0,0,1,0,1,0,0,0
1,1,0,80.0,0,0,30.0,1,30.0,1,1,0,1,0,1,0,0,0,0,0,0,0,0,0,0,0,0,0,0,1,0,0,0
0,3,0,51.0,0,0,7.925,1,7.925,0,1,0,1,0,1,0,0,0,0,0,0,0,0,0,0,0,0,1,0,1,0,0,0
1,1,0,32.0,0,0,30.5,1,30.5,1,1,0,0,0,1,0,0,0,0,0,1,0,0,0,0,0,0,0,0,0,0,1,0
0,1,0,37.0,0,0,0.0,1,0.0,0,1,0,1,0,1,0,0,0,0,0,0,0,0,0,0,0,0,1,0,1,0,0,0
0,3,1,9.0,3,2,27.9,6,4.6499999999999995,0,6,0,1,0,1,0,0,0,0,0,0,0,0,0,0,0,0,1,1,0,0,0,1
1,2,1,28.0,0,0,13.0,1,13.0,0,1,0,1,0,1,0,0,0,0,0,0,0,0,0,0,0,0,1,1,0,0,0,0
0,3,0,32.0,0,0,7.925,1,7.925,0,1,0,1,0,0,0,0,0,1,0,0,0,0,0,0,0,0,1,0,1,0,0,0
0,2,0,31.0,1,1,26.25,3,8.75,0,3,0,1,1,0,0,0,0,0,0,0,0,0,0,0,0,0,1,0,1,0,0,0
0,3,1,41.0,0,5,39.6875,6,6.614583333333333,0,6,0,1,0,1,0,0,0,0,0,0,0,0,0,0,0,0,1,0,0,1,0,0
0,3,0,24.0,1,0,16.1,2,8.05,0,2,0,1,0,1,0,0,0,0,0,0,0,0,0,0,0,0,1,0,1,0,0,0
0,3,0,20.0,0,0,7.8542,1,7.8542,0,1,0,1,0,1,0,0,0,0,0,0,0,0,0,0,0,0,1,0,1,0,0,0
1,1,1,24.0,0,0,69.3,2,34.65,1,1,0,0,0,0,1,0,0,0,0,1,0,0,0,0,0,0,0,0,0,0,1,0
0,3,1,2.0,3,2,12.475,6,2.0791666666666666,0,6,0,1,0,1,0,0,0,0,0,0,0,0,0,0,0,0,1,1,0,0,0,1
1,3,0,24.0,0,0,56.4958,7,8.070828571428573,0,1,0,1,0,1,0,0,0,0,0,0,0,0,0,0,0,0,1,0,1,0,0,0
1,3,1,0.75,2,1,19.2583,4,4.814575,0,4,0,0,0,1,0,0,0,0,0,0,0,0,0,0,0,0,1,1,0,0,0,1
1,1,0,48.0,1,0,76.7292,3,25.576400000000003,1,2,0,0,0,0,1,0,0,0,0,0,0,1,0,0,0,0,0,0,1,0,0,0
0,3,0,19.0,0,0,7.8958,1,7.8958,0,1,0,1,0,1,0,0,0,0,0,0,0,0,0,0,0,0,1,0,1,0,0,0
1,1,0,56.0,0,0,35.5,1,35.5,1,1,0,0,0,1,0,0,0,0,0,0,0,0,0,0,0,0,0,0,0,0,1,0
0,3,0,24.0,0,0,7.55,1,7.55,0,1,0,1,0,0,0,1,0,0,0,0,0,0,0,0,0,0,1,0,1,0,0,0
1,3,1,23.0,0,0,7.55,1,7.55,0,1,0,1,1,0,0,0,0,0,0,0,0,0,0,0,0,0,1,1,0,0,0,0
0,3,0,24.0,0,0,7.8958,1,7.8958,0,1,0,1,0,1,0,0,0,0,0,0,0,0,0,0,0,0,1,0,1,0,0,0
1,2,1,18.0,0,1,23.0,2,11.5,0,2,0,1,0,1,0,0,0,0,0,0,0,0,0,0,0,0,1,1,0,0,0,0
0,3,0,21.0,0,0,8.4333,1,8.4333,0,1,0,1,0,1,0,0,0,0,0,0,0,0,0,0,0,0,1,0,1,0,0,0
1,3,1,24.0,0,0,7.8292,1,7.8292,0,1,1,0,0,1,0,0,0,0,0,0,0,0,0,0,0,0,1,1,0,0,0,0
0,3,1,18.0,0,0,6.75,1,6.75,0,1,1,0,0,1,0,0,0,0,0,0,0,0,0,0,0,0,1,1,0,0,0,0
0,2,0,24.0,2,0,73.5,5,14.7,0,3,0,1,0,0,0,1,0,0,0,0,0,0,0,0,0,0,1,0,1,0,0,0
0,3,0,24.0,0,0,7.8958,1,7.8958,0,1,0,1,0,1,0,0,0,0,0,0,0,0,0,0,0,0,1,0,1,0,0,0
0,3,1,32.0,1,1,15.5,2,7.75,0,3,1,0,0,1,0,0,0,0,0,0,0,0,0,0,0,0,1,0,0,1,0,0
0,2,0,23.0,0,0,13.0,1,13.0,0,1,0,1,0,1,0,0,0,0,0,0,0,0,0,0,0,0,1,0,1,0,0,0
0,1,0,58.0,0,2,113.275,3,37.75833333333333,1,3,0,0,0,1,0,0,0,0,0,0,0,1,0,0,0,0,0,0,1,0,0,0
1,1,0,50.0,2,0,133.65,2,66.825,0,3,0,1,0,0,1,0,0,0,0,0,0,0,0,0,0,0,1,0,0,0,1,0
0,3,0,40.0,0,0,7.225,1,7.225,0,1,0,0,0,1,0,0,0,0,0,0,0,0,0,0,0,0,1,0,1,0,0,0
0,1,0,47.0,0,0,25.5875,1,25.5875,1,1,0,1,0,1,0,0,0,0,0,0,0,0,1,0,0,0,0,0,1,0,0,0
0,3,0,36.0,0,0,7.925,1,7.925,0,1,0,1,0,1,0,0,0,0,0,0,0,0,0,0,0,0,1,0,1,0,0,0
1,3,0,20.0,1,0,7.925,1,7.925,0,2,0,1,0,0,0,0,0,1,0,0,0,0,0,0,0,0,1,0,1,0,0,0
0,2,0,32.0,2,0,13.0,5,2.6,0,3,0,1,0,0,0,1,0,0,0,0,0,0,0,0,0,0,1,0,1,0,0,0
0,2,0,25.0,0,0,13.0,1,13.0,0,1,0,1,0,1,0,0,0,0,0,0,0,0,0,0,0,0,1,0,1,0,0,0
0,3,0,24.0,0,0,7.775,1,7.775,0,1,0,1,0,1,0,0,0,0,0,0,0,0,0,0,0,0,1,0,1,0,0,0
0,3,0,43.0,0,0,8.05,1,8.05,0,1,0,1,0,0,0,0,0,0,0,0,0,0,0,0,0,0,1,0,1,0,0,0
1,1,1,37.0,1,0,52.0,2,26.0,1,2,0,1,0,1,0,0,0,0,0,0,1,0,0,0,0,0,0,0,0,1,0,0
1,2,1,40.0,1,1,39.0,2,19.5,0,3,0,1,0,1,0,0,0,0,0,0,0,0,0,0,0,0,1,0,0,1,0,0
0,1,0,31.0,1,0,52.0,1,52.0,1,2,0,1,0,0,0,1,0,0,0,1,0,0,0,0,0,0,0,0,1,0,0,0
0,2,0,70.0,0,0,10.5,1,10.5,0,1,0,1,1,0,0,0,0,0,0,0,0,0,0,0,0,0,1,0,1,0,0,0
1,2,0,31.0,0,0,13.0,1,13.0,0,1,0,1,0,1,0,0,0,0,0,0,0,0,0,0,0,0,1,0,1,0,0,0
0,2,0,29.0,0,0,0.0,1,0.0,0,1,0,1,0,1,0,0,0,0,0,0,0,0,0,0,0,0,1,0,1,0,0,0
0,3,0,18.0,0,0,7.775,1,7.775,0,1,0,1,0,1,0,0,0,0,0,0,0,0,0,0,0,0,1,0,1,0,0,0
0,3,0,24.5,0,0,7.925,1,7.925,0,1,0,1,0,1,0,0,0,0,0,0,0,0,0,0,0,0,1,0,1,0,0,0
1,3,1,18.0,0,0,9.8417,1,9.8417,0,1,0,1,0,1,0,0,0,0,0,0,0,0,0,0,0,0,1,1,0,0,0,0
0,3,1,43.0,1,6,12.475,6,2.0791666666666666,0,8,0,1,1,0,0,0,0,0,0,0,0,0,0,0,0,0,1,0,0,1,0,0
1,1,0,36.0,0,1,512.3292,3,170.7764,1,2,0,0,0,0,1,0,0,0,0,1,0,0,0,0,0,0,0,0,1,0,0,0
0,3,1,24.0,0,0,12.475,1,12.475,0,1,1,0,0,1,0,0,0,0,0,0,0,0,0,0,0,0,1,1,0,0,0,0
1,1,0,27.0,0,0,76.7292,3,25.576400000000003,1,1,0,0,0,0,1,0,0,0,0,0,0,1,0,0,0,0,0,0,1,0,0,0
0,3,0,20.0,0,0,9.225,1,9.225,0,1,0,1,0,1,0,0,0,0,0,0,0,0,0,0,0,0,1,0,1,0,0,0
0,3,0,14.0,5,2,46.9,6,7.816666666666666,0,8,0,1,1,0,0,0,0,0,0,0,0,0,0,0,0,0,1,0,1,0,0,1
0,2,0,60.0,1,1,39.0,2,19.5,0,3,0,1,0,1,0,0,0,0,0,0,0,0,0,0,0,0,1,0,1,0,0,0
0,2,0,25.0,1,2,13.0,3,4.333333333333333,0,4,0,0,0,0,0,1,0,0,0,0,0,0,0,0,0,0,1,0,1,0,0,0
0,3,0,14.0,4,1,7.925,6,1.3208333333333333,0,6,0,1,0,1,0,0,0,0,0,0,0,0,0,0,0,0,1,0,1,0,0,1
0,3,0,19.0,0,0,10.1708,1,10.1708,0,1,0,1,0,1,0,0,0,0,0,0,0,0,0,0,0,0,1,0,1,0,0,0
0,3,0,18.0,0,0,7.7958,1,7.7958,0,1,0,1,0,1,0,0,0,0,0,0,0,0,0,0,0,0,1,0,1,0,0,0
1,1,1,15.0,0,1,211.3375,3,70.44583333333334,1,2,0,1,0,1,0,0,0,0,0,1,0,0,0,0,0,0,0,1,0,0,0,1
1,1,0,31.0,1,0,57.0,2,28.5,1,2,0,1,0,1,0,0,0,0,0,1,0,0,0,0,0,0,0,0,1,0,0,0
1,3,1,4.0,0,1,13.4167,1,13.4167,0,2,0,0,0,1,0,0,0,0,0,0,0,0,0,0,0,0,1,1,0,0,0,1
1,3,0,24.0,0,0,56.4958,7,8.070828571428573,0,1,0,1,0,1,0,0,0,0,0,0,0,0,0,0,0,0,1,0,1,0,0,0
0,3,0,25.0,0,0,7.225,1,7.225,0,1,0,0,0,1,0,0,0,0,0,0,0,0,0,0,0,0,1,0,1,0,0,0
0,1,0,60.0,0,0,26.55,1,26.55,0,1,0,1,0,1,0,0,0,0,0,0,0,0,0,0,0,0,1,0,0,0,1,0
0,2,0,52.0,0,0,13.5,1,13.5,0,1,0,1,0,1,0,0,0,0,0,0,0,0,0,0,0,0,1,0,1,0,0,0
0,3,0,44.0,0,0,7.925,1,7.925,0,1,0,1,0,1,0,0,0,0,0,0,0,0,0,0,0,0,1,0,1,0,0,0
1,3,1,24.0,0,0,7.7333,1,7.7333,0,1,1,0,0,1,0,0,0,0,0,0,0,0,0,0,0,0,1,1,0,0,0,0
0,1,0,49.0,1,1,110.8833,4,27.720825,1,3,0,0,0,1,0,0,0,0,0,0,1,0,0,0,0,0,0,0,1,0,0,0
0,3,0,42.0,0,0,7.65,1,7.65,1,1,0,1,0,1,0,0,0,0,0,0,0,0,0,1,0,0,0,0,1,0,0,0
1,1,1,18.0,1,0,227.525,4,56.88125,1,2,0,0,0,0,1,0,0,0,0,0,1,0,0,0,0,0,0,0,0,1,0,0
1,1,0,35.0,0,0,26.2875,1,26.2875,1,1,0,1,0,0,1,0,0,0,0,0,0,0,1,0,0,0,0,0,1,0,0,0
0,3,1,18.0,0,1,14.4542,2,7.2271,0,2,0,0,0,1,0,0,0,0,0,0,0,0,0,0,0,0,1,1,0,0,0,0
0,3,0,25.0,0,0,7.925,1,7.925,0,1,1,0,0,1,0,0,0,0,0,0,0,0,0,0,0,0,1,0,1,0,0,0
0,3,0,26.0,1,0,7.8542,1,7.8542,0,2,0,1,0,1,0,0,0,0,0,0,0,0,0,0,0,0,1,0,1,0,0,0
0,2,0,39.0,0,0,26.0,2,13.0,0,1,0,1,0,1,0,0,0,0,0,0,0,0,0,0,0,0,1,0,1,0,0,0
1,2,1,45.0,0,0,13.5,1,13.5,0,1,0,1,0,1,0,0,0,0,0,0,0,0,0,0,0,0,1,0,0,1,0,0
1,1,0,42.0,0,0,26.2875,1,26.2875,1,1,0,1,0,0,1,0,0,0,0,0,0,0,1,0,0,0,0,0,1,0,0,0
1,1,1,22.0,0,0,151.55,4,37.8875,0,1,0,1,0,1,0,0,0,0,0,0,0,0,0,0,0,0,1,1,0,0,0,0
1,3,0,24.0,1,1,15.2458,2,7.6229,0,3,0,0,0,1,0,0,0,0,0,0,0,0,0,0,0,0,1,0,0,0,0,0
1,1,1,24.0,0,0,82.1708,1,82.1708,1,1,0,0,0,0,1,0,0,0,0,0,1,0,0,0,0,0,0,0,0,0,1,0
0,1,0,37.0,0,0,26.55,1,26.55,1,1,0,1,0,1,0,0,0,0,0,0,1,0,0,0,0,0,0,0,1,0,0,0
1,1,0,48.0,1,0,52.0,2,26.0,1,2,0,1,0,1,0,0,0,0,0,0,1,0,0,0,0,0,0,0,1,0,0,0
0,3,0,29.0,0,0,9.4833,1,9.4833,0,1,0,1,0,1,0,0,0,0,0,0,0,0,0,0,0,0,1,0,1,0,0,0
0,2,0,52.0,0,0,13.0,2,6.5,0,1,0,1,0,1,0,0,0,0,0,0,0,0,0,0,0,0,1,0,1,0,0,0
0,3,0,19.0,0,0,7.65,1,7.65,1,1,0,1,0,1,0,0,0,0,0,0,0,0,0,1,0,0,0,0,1,0,0,0
1,1,1,38.0,0,0,227.525,4,56.88125,1,1,0,0,0,0,1,0,0,0,0,0,1,0,0,0,0,0,0,1,0,0,0,0
1,2,1,27.0,0,0,10.5,1,10.5,1,1,0,1,0,1,0,0,0,0,0,0,0,0,1,0,0,0,0,1,0,0,0,0
0,3,0,24.0,0,0,15.5,1,15.5,0,1,1,0,0,1,0,0,0,0,0,0,0,0,0,0,0,0,1,0,1,0,0,0
0,3,0,33.0,0,0,7.775,1,7.775,0,1,0,1,0,1,0,0,0,0,0,0,0,0,0,0,0,0,1,0,1,0,0,0
1,2,1,6.0,0,1,33.0,3,11.0,0,2,0,1,0,1,0,0,0,0,0,0,0,0,0,0,0,0,1,1,0,0,0,1
0,3,0,17.0,1,0,7.0542,1,7.0542,0,2,0,1,0,1,0,0,0,0,0,0,0,0,0,0,0,0,1,0,1,0,0,1
0,2,0,34.0,0,0,13.0,1,13.0,0,1,0,1,0,1,0,0,0,0,0,0,0,0,0,0,0,0,1,0,1,0,0,0
0,2,0,50.0,0,0,13.0,1,13.0,0,1,0,1,0,1,0,0,0,0,0,0,0,0,0,0,0,0,1,0,1,0,0,0
1,1,0,27.0,1,0,53.1,2,26.55,1,2,0,1,0,1,0,0,0,0,0,0,0,0,1,0,0,0,0,0,1,0,0,0
0,3,0,20.0,0,0,8.6625,1,8.6625,0,1,0,1,0,1,0,0,0,0,0,0,0,0,0,0,0,0,1,0,1,0,0,0
1,2,1,30.0,3,0,23.0,2,11.5,0,4,0,1,0,1,0,0,0,0,0,0,0,0,0,0,0,0,1,0,0,1,0,0
1,3,1,24.0,0,0,7.7375,1,7.7375,0,1,1,0,0,1,0,0,0,0,0,0,0,0,0,0,0,0,1,1,0,0,0,0
0,2,0,25.0,1,0,26.0,1,26.0,0,2,0,1,0,1,0,0,0,0,0,0,0,0,0,0,0,0,1,0,1,0,0,0
0,3,1,25.0,1,0,7.925,1,7.925,0,2,0,1,0,0,0,0,0,1,0,0,0,0,0,0,0,0,1,1,0,0,0,0
1,1,1,29.0,0,0,211.3375,3,70.44583333333334,1,1,0,1,0,1,0,0,0,0,0,1,0,0,0,0,0,0,0,1,0,0,0,0
0,3,0,11.0,0,0,18.7875,2,9.39375,0,1,0,0,0,1,0,0,0,0,0,0,0,0,0,0,0,0,1,0,1,0,0,1
0,2,0,29.0,0,0,0.0,1,0.0,0,1,0,1,0,1,0,0,0,0,0,0,0,0,0,0,0,0,1,0,1,0,0,0
0,2,0,23.0,0,0,13.0,1,13.0,0,1,0,1,0,1,0,0,0,0,0,0,0,0,0,0,0,0,1,0,1,0,0,0
0,2,0,23.0,0,0,13.0,1,13.0,0,1,0,1,0,1,0,0,0,0,0,0,0,0,0,0,0,0,1,0,1,0,0,0
0,3,0,28.5,0,0,16.1,2,8.05,0,1,0,1,0,1,0,0,0,0,0,0,0,0,0,0,0,0,1,0,1,0,0,0
0,3,1,48.0,1,3,34.375,4,8.59375,0,5,0,1,0,0,0,0,0,0,1,0,0,0,0,0,0,0,1,0,0,1,0,0
1,1,0,35.0,0,0,512.3292,3,170.7764,1,1,0,0,0,0,1,0,0,0,0,1,0,0,0,0,0,0,0,0,1,0,0,0
0,3,0,24.0,0,0,7.8958,1,7.8958,0,1,0,1,0,1,0,0,0,0,0,0,0,0,0,0,0,0,1,0,1,0,0,0
0,3,0,24.0,0,0,7.925,1,7.925,0,1,0,1,0,1,0,0,0,0,0,0,0,0,0,0,0,0,1,0,1,0,0,0
1,1,0,37.0,0,0,30.0,1,30.0,1,1,0,1,0,1,0,0,0,0,0,0,0,1,0,0,0,0,0,0,1,0,0,0
0,1,0,36.0,1,0,40.125,2,20.0625,1,2,0,1,0,1,0,0,0,0,0,0,1,0,0,0,0,0,0,0,1,0,0,0
1,1,1,21.0,2,2,262.375,2,131.1875,1,5,0,0,0,0,1,0,0,0,0,1,0,0,0,0,0,0,0,1,0,0,0,0
0,3,0,24.0,1,0,16.1,1,16.1,0,2,0,1,0,1,0,0,0,0,0,0,0,0,0,0,0,0,1,0,1,0,0,0
1,3,0,31.0,0,0,7.925,1,7.925,0,1,0,1,0,0,0,0,0,1,0,0,0,0,0,0,0,0,1,0,1,0,0,0
0,1,0,70.0,1,1,71.0,2,35.5,1,3,0,1,0,0,0,1,0,0,0,1,0,0,0,0,0,0,0,0,0,0,1,0
0,3,0,16.0,1,1,20.25,2,10.125,0,3,0,1,1,0,0,0,0,0,0,0,0,0,0,0,0,0,1,0,1,0,0,1
1,2,1,30.0,0,0,13.0,1,13.0,0,1,0,1,0,1,0,0,0,0,0,0,0,0,0,0,0,0,1,1,0,0,0,0
0,1,0,19.0,1,0,53.1,1,53.1,1,2,0,1,0,1,0,0,0,0,0,0,0,1,0,0,0,0,0,0,1,0,0,0
0,3,0,31.0,0,0,7.925,1,7.925,0,1,1,0,0,1,0,0,0,0,0,0,0,0,0,0,0,0,1,0,1,0,0,0
1,2,1,4.0,1,1,23.0,1,23.0,0,3,0,1,0,1,0,0,0,0,0,0,0,0,0,0,0,0,1,1,0,0,0,1
1,3,0,6.0,0,1,12.475,2,6.2375,1,2,0,1,0,1,0,0,0,0,0,0,0,0,1,0,0,0,0,0,0,0,0,1
0,3,0,33.0,0,0,9.5,1,9.5,0,1,0,1,0,1,0,0,0,0,0,0,0,0,0,0,0,0,1,0,1,0,0,0
0,3,0,23.0,0,0,7.8958,1,7.8958,0,1,0,1,0,1,0,0,0,0,0,0,0,0,0,0,0,0,1,0,1,0,0,0
1,2,1,48.0,1,2,65.0,2,32.5,0,4,0,1,0,1,0,0,0,0,0,0,0,0,0,0,0,0,1,0,0,1,0,0
1,2,0,0.67,1,1,14.5,2,7.25,0,3,0,1,0,1,0,0,0,0,0,0,0,0,0,0,0,0,1,0,0,0,0,1
0,3,0,28.0,0,0,7.7958,1,7.7958,0,1,0,1,0,1,0,0,0,0,0,0,0,0,0,0,0,0,1,0,1,0,0,0
0,2,0,18.0,0,0,11.5,1,11.5,0,1,0,1,0,1,0,0,0,0,0,0,0,0,0,0,0,0,1,0,1,0,0,0
0,3,0,34.0,0,0,8.05,1,8.05,0,1,0,1,0,1,0,0,0,0,0,0,0,0,0,0,0,0,1,0,1,0,0,0
1,1,1,33.0,0,0,86.5,3,28.833333333333332,1,1,0,1,0,1,0,0,0,0,0,1,0,0,0,0,0,0,0,0,0,0,1,0
0,3,0,24.0,0,0,14.5,2,7.25,0,1,0,1,0,1,0,0,0,0,0,0,0,0,0,0,0,0,1,0,1,0,0,0
0,3,0,41.0,0,0,7.125,1,7.125,0,1,0,1,0,0,0,1,0,0,0,0,0,0,0,0,0,0,1,0,1,0,0,0
1,3,0,20.0,0,0,7.2292,1,7.2292,0,1,0,0,0,1,0,0,0,0,0,0,0,0,0,0,0,0,1,0,1,0,0,0
1,1,1,36.0,1,2,120.0,4,30.0,1,4,0,1,0,1,0,0,0,0,0,1,0,0,0,0,0,0,0,0,0,1,0,0
0,3,0,16.0,0,0,7.925,1,7.925,0,1,0,1,0,1,0,0,0,0,0,0,0,0,0,0,0,0,1,0,1,0,0,1
1,1,1,51.0,1,0,77.9583,3,25.986099999999997,1,2,0,1,0,1,0,0,0,0,0,0,0,1,0,0,0,0,0,0,0,1,0,0
0,1,0,37.0,0,0,39.6,1,39.6,0,1,0,0,0,1,0,0,0,0,0,0,0,0,0,0,0,0,1,0,0,0,1,0
0,3,1,30.5,0,0,7.75,1,7.75,0,1,1,0,0,1,0,0,0,0,0,0,0,0,0,0,0,0,1,1,0,0,0,0
0,3,0,24.0,1,0,24.15,3,8.049999999999999,0,2,1,0,0,1,0,0,0,0,0,0,0,0,0,0,0,0,1,0,1,0,0,0
0,3,0,32.0,0,0,8.3625,1,8.3625,0,1,0,1,0,1,0,0,0,0,0,0,0,0,0,0,0,0,1,0,1,0,0,0
0,3,0,24.0,0,0,9.5,1,9.5,0,1,0,1,0,1,0,0,0,0,0,0,0,0,0,0,0,0,1,0,1,0,0,0
0,3,0,48.0,0,0,7.8542,1,7.8542,0,1,0,1,0,1,0,0,0,0,0,0,0,0,0,0,0,0,1,0,1,0,0,0
0,2,1,57.0,0,0,10.5,2,5.25,1,1,0,1,0,0,0,1,0,0,0,0,0,0,1,0,0,0,0,0,0,1,0,0
0,3,0,24.0,0,0,7.225,1,7.225,0,1,0,0,0,1,0,0,0,0,0,0,0,0,0,0,0,0,1,0,1,0,0,0
1,2,1,54.0,1,3,23.0,1,23.0,0,5,0,1,0,1,0,0,0,0,0,0,0,0,0,0,0,0,1,0,0,1,0,0
0,3,0,18.0,0,0,7.75,1,7.75,0,1,0,1,0,1,0,0,0,0,0,0,0,0,0,0,0,0,1,0,1,0,0,0
0,3,0,24.0,0,0,7.75,1,7.75,1,1,1,0,0,1,0,0,0,0,0,0,0,0,0,1,0,0,0,0,1,0,0,0
1,3,1,5.0,0,0,12.475,2,6.2375,0,1,0,1,0,1,0,0,0,0,0,0,0,0,0,0,0,0,1,1,0,0,0,1
0,3,0,24.0,0,0,7.7375,1,7.7375,0,1,1,0,0,1,0,0,0,0,0,0,0,0,0,0,0,0,1,0,1,0,0,0
1,1,1,43.0,0,1,211.3375,3,70.44583333333334,1,2,0,1,0,1,0,0,0,0,0,1,0,0,0,0,0,0,0,0,0,1,0,0
1,3,1,13.0,0,0,7.2292,1,7.2292,0,1,0,0,0,1,0,0,0,0,0,0,0,0,0,0,0,0,1,1,0,0,0,1
1,1,1,17.0,1,0,57.0,2,28.5,1,2,0,1,0,1,0,0,0,0,0,1,0,0,0,0,0,0,0,0,0,1,0,1
0,1,0,29.0,0,0,30.0,1,30.0,1,1,0,1,0,1,0,0,0,0,0,0,0,1,0,0,0,0,0,0,1,0,0,0
0,3,0,24.0,1,2,23.45,2,11.725,0,4,0,1,0,0,0,0,0,0,1,0,0,0,0,0,0,0,1,0,1,0,0,0
0,3,0,25.0,0,0,7.05,1,7.05,0,1,0,1,0,0,0,0,1,0,0,0,0,0,0,0,0,0,1,0,1,0,0,0
0,3,0,25.0,0,0,7.25,1,7.25,0,1,0,1,0,1,0,0,0,0,0,0,0,0,0,0,0,0,1,0,1,0,0,0
1,3,1,18.0,0,0,7.4958,1,7.4958,0,1,0,1,0,1,0,0,0,0,0,0,0,0,0,0,0,0,1,1,0,0,0,0
0,3,0,8.0,4,1,29.125,5,5.825,0,6,1,0,0,1,0,0,0,0,0,0,0,0,0,0,0,0,1,0,0,0,0,1
1,3,0,1.0,1,2,20.575,2,10.2875,0,4,0,1,1,0,0,0,0,0,0,0,0,0,0,0,0,0,1,0,0,0,0,1
0,1,0,46.0,0,0,40.125,2,20.0625,1,1,0,0,0,0,1,0,0,0,0,1,0,0,0,0,0,0,0,0,1,0,0,0
0,3,0,24.0,0,0,7.75,1,7.75,0,1,1,0,0,1,0,0,0,0,0,0,0,0,0,0,0,0,1,0,1,0,0,0
0,2,0,16.0,0,0,26.0,2,13.0,0,1,0,1,0,1,0,0,0,0,0,0,0,0,0,0,0,0,1,0,1,0,0,1
0,3,1,24.0,8,2,69.55,7,9.935714285714285,0,11,0,1,1,0,0,0,0,0,0,0,0,0,0,0,0,0,1,1,0,0,0,0
0,1,0,37.0,0,0,30.6958,1,30.6958,0,1,0,0,0,0,1,0,0,0,0,0,0,0,0,0,0,0,1,0,1,0,0,0
0,3,0,25.0,0,0,7.8958,1,7.8958,0,1,0,1,0,1,0,0,0,0,0,0,0,0,0,0,0,0,1,0,1,0,0,0
0,2,0,39.0,0,0,13.0,1,13.0,0,1,0,1,0,1,0,0,0,0,0,0,0,0,0,0,0,0,1,0,1,0,0,0
1,1,1,49.0,0,0,25.9292,1,25.9292,1,1,0,1,0,1,0,0,0,0,0,0,0,1,0,0,0,0,0,0,0,0,1,0
1,3,1,31.0,0,0,8.6833,1,8.6833,0,1,0,1,0,1,0,0,0,0,0,0,0,0,0,0,0,0,1,0,0,1,0,0
0,3,0,30.0,0,0,7.2292,1,7.2292,0,1,0,0,0,1,0,0,0,0,0,0,0,0,0,0,0,0,1,0,1,0,0,0
0,3,1,30.0,1,1,24.15,3,8.049999999999999,0,3,0,1,0,1,0,0,0,0,0,0,0,0,0,0,0,0,1,0,0,1,0,0
0,2,0,34.0,0,0,13.0,2,6.5,0,1,0,1,0,1,0,0,0,0,0,0,0,0,0,0,0,0,1,0,1,0,0,0
1,2,1,31.0,1,1,26.25,3,8.75,0,3,0,1,1,0,0,0,0,0,0,0,0,0,0,0,0,0,1,0,0,1,0,0
1,1,0,11.0,1,2,40.125,4,10.03125,1,4,0,1,0,1,0,0,0,0,0,1,0,0,0,0,0,0,0,0,0,0,0,1
1,3,0,0.42,0,1,8.5167,1,8.5167,0,2,0,0,0,1,0,0,0,0,0,0,0,0,0,0,0,0,1,0,0,0,0,1
1,3,0,27.0,0,0,6.975,1,6.975,0,1,0,1,0,1,0,0,0,0,0,0,0,0,0,0,0,0,1,0,1,0,0,0
0,3,0,31.0,0,0,7.925,1,7.925,0,1,0,1,0,1,0,0,0,0,0,0,0,0,0,0,0,0,1,0,1,0,0,0
0,1,0,39.0,0,0,0.0,1,0.0,1,1,0,1,0,1,0,0,0,0,0,0,0,0,0,0,0,0,0,0,1,0,0,0
0,3,1,18.0,0,0,7.775,1,7.775,0,1,0,1,0,1,0,0,0,0,0,0,0,0,0,0,0,0,1,1,0,0,0,0
0,2,0,39.0,0,0,13.0,1,13.0,0,1,0,1,0,1,0,0,0,0,0,0,0,0,0,0,0,0,1,0,1,0,0,0
1,1,1,33.0,1,0,53.1,2,26.55,1,2,0,1,0,1,0,0,0,0,0,0,0,0,1,0,0,0,0,0,0,1,0,0
0,3,0,26.0,0,0,7.8875,1,7.8875,0,1,0,1,0,1,0,0,0,0,0,0,0,0,0,0,0,0,1,0,1,0,0,0
0,3,0,39.0,0,0,24.15,2,12.075,0,1,0,1,0,0,0,0,0,0,0,0,0,0,0,0,0,0,1,0,1,0,0,0
0,2,0,35.0,0,0,10.5,1,10.5,0,1,0,1,0,1,0,0,0,0,0,0,0,0,0,0,0,0,1,0,1,0,0,0
0,3,1,6.0,4,2,12.475,7,1.782142857142857,0,7,0,1,0,1,0,0,0,0,0,0,0,0,0,0,0,0,1,1,0,0,0,1
0,3,0,30.5,0,0,8.05,1,8.05,0,1,0,1,0,1,0,0,0,0,0,0,0,0,0,0,0,0,1,0,1,0,0,0
0,1,0,37.0,0,0,0.0,1,0.0,1,1,0,1,0,1,0,0,0,0,0,1,0,0,0,0,0,0,0,0,1,0,0,0
0,3,1,23.0,0,0,7.925,1,7.925,0,1,0,1,0,0,0,0,0,1,0,0,0,0,0,0,0,0,1,1,0,0,0,0
0,2,0,31.0,1,1,37.0042,2,18.5021,0,3,0,0,0,0,0,1,0,0,0,0,0,0,0,0,0,0,1,0,1,0,0,0
0,3,0,43.0,0,0,6.45,1,6.45,0,1,0,1,0,0,0,1,0,0,0,0,0,0,0,0,0,0,1,0,1,0,0,0
0,3,0,10.0,3,2,27.9,6,4.6499999999999995,0,6,0,1,0,1,0,0,0,0,0,0,0,0,0,0,0,0,1,0,0,0,0,1
1,1,1,52.0,1,1,93.5,2,46.75,1,3,0,1,0,1,0,0,0,0,0,1,0,0,0,0,0,0,0,0,0,1,0,0
1,3,0,27.0,0,0,8.6625,1,8.6625,0,1,0,1,0,1,0,0,0,0,0,0,0,0,0,0,0,0,1,0,1,0,0,0
0,1,0,38.0,0,0,40.125,1,40.125,0,1,0,1,0,1,0,0,0,0,0,0,0,0,0,0,0,0,1,0,0,0,1,0
1,3,1,27.0,0,1,12.475,2,6.2375,1,2,0,1,0,1,0,0,0,0,0,0,0,0,1,0,0,0,0,0,0,1,0,0
0,3,0,2.0,4,1,7.925,6,1.3208333333333333,0,6,0,1,0,1,0,0,0,0,0,0,0,0,0,0,0,0,1,0,0,0,0,1
0,3,0,24.0,0,0,7.925,1,7.925,0,1,1,0,0,1,0,0,0,0,0,0,0,0,0,0,0,0,1,0,1,0,0,0
0,3,0,24.0,0,0,56.4958,7,8.070828571428573,0,1,0,1,0,1,0,0,0,0,0,0,0,0,0,0,0,0,1,0,1,0,0,0
1,2,0,1.0,0,2,37.0042,2,18.5021,0,3,0,0,0,0,0,1,0,0,0,0,0,0,0,0,0,0,1,0,0,0,0,1
1,3,0,24.0,0,0,7.75,1,7.75,0,1,1,0,0,1,0,0,0,0,0,0,0,0,0,0,0,0,1,0,1,0,0,0
1,1,1,62.0,0,0,80.0,2,40.0,1,1,0,1,0,1,0,0,0,0,0,1,0,0,0,0,0,0,0,0,0,1,0,0
1,3,1,15.0,1,0,14.4542,2,7.2271,0,2,0,0,0,1,0,0,0,0,0,0,0,0,0,0,0,0,1,0,0,1,0,1
1,2,0,0.83,1,1,18.75,3,6.25,0,3,0,1,0,1,0,0,0,0,0,0,0,0,0,0,0,0,1,0,0,0,0,1
0,3,0,24.0,0,0,7.2292,1,7.2292,0,1,0,0,0,1,0,0,0,0,0,0,0,0,0,0,0,0,1,0,1,0,0,0
0,3,0,23.0,0,0,7.8542,1,7.8542,0,1,0,1,0,1,0,0,0,0,0,0,0,0,0,0,0,0,1,0,1,0,0,0
0,3,0,18.0,0,0,7.925,1,7.925,0,1,0,1,0,1,0,0,0,0,0,0,0,0,0,0,0,0,1,0,1,0,0,0
1,1,1,39.0,1,1,83.1583,1,83.1583,1,3,0,0,0,0,1,0,0,0,0,0,0,0,1,0,0,0,0,1,0,0,0,0
0,3,0,21.0,0,0,8.6625,1,8.6625,0,1,0,1,0,1,0,0,0,0,0,0,0,0,0,0,0,0,1,0,1,0,0,0
0,3,0,24.0,0,0,8.05,1,8.05,0,1,0,1,0,1,0,0,0,0,0,0,0,0,0,0,0,0,1,0,1,0,0,0
1,3,0,32.0,0,0,56.4958,7,8.070828571428573,0,1,0,1,0,1,0,0,0,0,0,0,0,0,0,0,0,0,1,0,1,0,0,0
1,1,0,37.0,0,0,29.7,1,29.7,1,1,0,0,0,1,0,0,0,0,0,0,1,0,0,0,0,0,0,0,1,0,0,0
0,3,0,20.0,0,0,7.925,1,7.925,0,1,0,1,0,0,0,1,0,0,0,0,0,0,0,0,0,0,1,0,1,0,0,0
0,2,0,16.0,0,0,10.5,2,5.25,0,1,0,1,0,0,0,1,0,0,0,0,0,0,0,0,0,0,1,0,1,0,0,1
1,1,1,30.0,0,0,31.0,2,15.5,0,1,0,0,0,1,0,0,0,0,0,0,0,0,0,0,0,0,1,1,0,0,0,0
0,3,0,34.5,0,0,6.4375,1,6.4375,0,1,0,0,0,1,0,0,0,0,0,0,0,0,0,0,0,0,1,0,1,0,0,0
0,3,0,17.0,0,0,7.925,1,7.925,0,1,0,1,0,1,0,0,0,0,0,0,0,0,0,0,0,0,1,0,1,0,0,1
0,3,0,42.0,0,0,7.925,1,7.925,0,1,0,1,1,0,0,0,0,0,0,0,0,0,0,0,0,0,1,0,1,0,0,0
0,3,0,24.0,8,2,69.55,7,9.935714285714285,0,11,0,1,1,0,0,0,0,0,0,0,0,0,0,0,0,0,1,0,1,0,0,0
0,3,0,35.0,0,0,7.8958,1,7.8958,0,1,0,0,0,1,0,0,0,0,0,0,0,0,0,0,0,0,1,0,1,0,0,0
0,2,0,28.0,0,1,33.0,3,11.0,0,2,0,1,0,1,0,0,0,0,0,0,0,0,0,0,0,0,1,0,0,0,1,0
1,1,1,37.0,1,0,89.1042,2,44.5521,1,2,0,0,0,1,0,0,0,0,0,0,1,0,0,0,0,0,0,0,0,1,0,0
0,3,0,4.0,4,2,31.275,7,4.4678571428571425,0,7,0,1,0,1,0,0,0,0,0,0,0,0,0,0,0,0,1,0,0,0,0,1
0,3,0,74.0,0,0,7.775,1,7.775,0,1,0,1,0,1,0,0,0,0,0,0,0,0,0,0,0,0,1,0,1,0,0,0
0,3,1,9.0,1,1,15.2458,2,7.6229,0,3,0,0,0,1,0,0,0,0,0,0,0,0,0,0,0,0,1,1,0,0,0,1
1,1,1,16.0,0,1,39.4,1,39.4,1,2,0,1,0,0,1,0,0,0,0,0,0,1,0,0,0,0,0,1,0,0,0,1
0,2,1,44.0,1,0,26.0,2,13.0,0,2,0,1,0,1,0,0,0,0,0,0,0,0,0,0,0,0,1,0,0,1,0,0
1,3,1,18.0,0,1,9.35,1,9.35,0,2,0,1,0,1,0,0,0,0,0,0,0,0,0,0,0,0,1,0,0,1,0,0
1,1,1,45.0,1,1,164.8667,2,82.43335,0,3,0,1,0,1,0,0,0,0,0,0,0,0,0,0,0,0,1,0,0,1,0,0
1,1,0,51.0,0,0,40.125,1,40.125,1,1,0,1,0,1,0,0,0,0,0,0,0,0,1,0,0,0,0,0,1,0,0,0
1,3,1,24.0,0,3,19.2583,4,4.814575,0,4,0,0,0,1,0,0,0,0,0,0,0,0,0,0,0,0,1,0,0,1,0,0
0,3,0,24.0,0,0,7.925,1,7.925,0,1,0,0,0,1,0,0,0,0,0,0,0,0,0,0,0,0,1,0,1,0,0,0
0,3,0,41.0,2,0,7.925,1,7.925,0,3,0,1,0,1,0,0,0,0,0,0,0,0,0,0,0,0,1,0,1,0,0,0
0,2,0,21.0,1,0,11.5,1,11.5,0,2,0,1,0,1,0,0,0,0,0,0,0,0,0,0,0,0,1,0,1,0,0,0
1,1,1,48.0,0,0,25.9292,1,25.9292,1,1,0,1,0,1,0,0,0,0,0,0,0,1,0,0,0,0,0,0,0,1,0,0
0,3,1,24.0,8,2,69.55,7,9.935714285714285,0,11,0,1,1,0,0,0,0,0,0,0,0,0,0,0,0,0,1,1,0,0,0,0
0,2,0,24.0,0,0,13.0,1,13.0,0,1,0,1,0,1,0,0,0,0,0,0,0,0,0,0,0,0,1,0,1,0,0,0
1,2,1,42.0,0,0,13.0,1,13.0,0,1,0,1,0,1,0,0,0,0,0,0,0,0,0,0,0,0,1,0,0,1,0,0
1,2,1,27.0,1,0,13.8583,1,13.8583,0,2,0,0,0,0,0,1,0,0,0,0,0,0,0,0,0,0,1,1,0,0,0,0
0,1,0,31.0,0,0,50.4958,1,50.4958,1,1,0,1,0,0,1,0,0,0,0,0,0,0,0,0,0,0,0,0,1,0,0,0
0,3,0,24.0,0,0,9.5,1,9.5,0,1,0,1,0,1,0,0,0,0,0,0,0,0,0,0,0,0,1,0,1,0,0,0
1,3,0,4.0,1,1,11.1333,3,3.7111,0,3,0,1,0,1,0,0,0,0,0,0,0,0,0,0,0,0,1,0,0,0,0,1
0,3,0,26.0,0,0,7.8958,1,7.8958,0,1,0,1,0,1,0,0,0,0,0,0,0,0,0,0,0,0,1,0,1,0,0,0
1,1,1,47.0,1,1,52.5542,2,26.2771,1,3,0,1,0,1,0,0,0,0,0,0,0,1,0,0,0,0,0,0,0,1,0,0
0,1,0,33.0,0,0,40.125,1,40.125,1,1,0,1,0,1,0,0,0,0,0,1,0,0,0,0,0,0,0,0,1,0,0,0
0,3,0,47.0,0,0,9.0,1,9.0,0,1,0,1,0,1,0,0,0,0,0,0,0,0,0,0,0,0,1,0,1,0,0,0
1,2,1,28.0,1,0,24.0,2,12.0,0,2,0,0,0,0,0,1,0,0,0,0,0,0,0,0,0,0,1,0,0,1,0,0
1,3,1,15.0,0,0,12.475,1,12.475,0,1,0,0,0,1,0,0,0,0,0,0,0,0,0,0,0,0,1,1,0,0,0,1
0,3,0,20.0,0,0,7.925,2,3.9625,0,1,0,1,0,1,0,0,0,0,0,0,0,0,0,0,0,0,1,0,1,0,0,0
0,3,0,19.0,0,0,7.8958,1,7.8958,0,1,0,1,0,1,0,0,0,0,0,0,0,0,0,0,0,0,1,0,1,0,0,0
0,3,0,24.0,0,0,7.8958,1,7.8958,0,1,0,1,0,1,0,0,0,0,0,0,0,0,0,0,0,0,1,0,1,0,0,0
1,1,1,56.0,0,1,83.1583,2,41.57915,1,2,0,0,0,1,0,0,0,0,0,0,1,0,0,0,0,0,0,0,0,1,0,0
1,2,1,25.0,0,1,26.0,2,13.0,0,2,0,1,0,1,0,0,0,0,0,0,0,0,0,0,0,0,1,0,0,1,0,0
0,3,0,33.0,0,0,7.8958,1,7.8958,0,1,0,1,0,1,0,0,0,0,0,0,0,0,0,0,0,0,1,0,1,0,0,0
0,3,1,22.0,0,0,10.5167,1,10.5167,0,1,0,1,0,1,0,0,0,0,0,0,0,0,0,0,0,0,1,1,0,0,0,0
0,2,0,28.0,0,0,10.5,1,10.5,0,1,0,1,0,0,0,1,0,0,0,0,0,0,0,0,0,0,1,0,1,0,0,0
0,3,0,25.0,0,0,7.05,1,7.05,0,1,0,1,0,0,0,0,1,0,0,0,0,0,0,0,0,0,1,0,1,0,0,0
0,3,1,39.0,0,5,12.475,5,2.495,0,6,1,0,0,1,0,0,0,0,0,0,0,0,0,0,0,0,1,0,0,1,0,0
0,2,0,27.0,0,0,13.0,1,13.0,0,1,0,1,0,1,0,0,0,0,0,0,0,0,0,0,0,0,1,0,0,0,1,0
1,1,1,19.0,0,0,30.0,1,30.0,1,1,0,1,0,1,0,0,0,0,0,1,0,0,0,0,0,0,0,1,0,0,0,0
0,3,1,24.0,1,2,23.45,2,11.725,0,4,0,1,0,0,0,0,0,0,1,0,0,0,0,0,0,0,1,1,0,0,0,0
1,1,0,26.0,0,0,30.0,1,30.0,1,1,0,0,0,1,0,0,0,0,0,0,1,0,0,0,0,0,0,0,1,0,0,0
0,3,0,32.0,0,0,7.75,1,7.75,0,1,1,0,0,1,0,0,0,0,0,0,0,0,0,0,0,0,1,0,1,0,0,0
